"stationName","parameters","value","datetime_UTC","localDateTime","unit","longitude","latitude"
"Dang","pm25",20.2,"2019-07-18 18:19:00","2019-07-19 00:04:00","µg/m3",82.5346,27.9914
"Dang","pm25",20,"2019-07-18 18:29:00","2019-07-19 00:14:00","µg/m3",82.5346,27.9914
"Dang","pm25",20.4,"2019-07-18 18:39:00","2019-07-19 00:24:00","µg/m3",82.5346,27.9914
"Dang","pm25",19.1,"2019-07-18 18:49:00","2019-07-19 00:34:00","µg/m3",82.5346,27.9914
"Dang","pm25",18.8,"2019-07-18 18:57:00","2019-07-19 00:42:00","µg/m3",82.5346,27.9914
"Dang","pm25",18.4,"2019-07-18 19:09:00","2019-07-19 00:54:00","µg/m3",82.5346,27.9914
"Dang","pm25",19.5,"2019-07-18 19:18:00","2019-07-19 01:03:00","µg/m3",82.5346,27.9914
"Dang","pm25",18.5,"2019-07-18 19:29:00","2019-07-19 01:14:00","µg/m3",82.5346,27.9914
"Dang","pm25",20.1,"2019-07-18 19:37:00","2019-07-19 01:22:00","µg/m3",82.5346,27.9914
"Dang","pm25",18.7,"2019-07-18 19:48:00","2019-07-19 01:33:00","µg/m3",82.5346,27.9914
"Dang","pm25",17.9,"2019-07-18 19:59:00","2019-07-19 01:44:00","µg/m3",82.5346,27.9914
"Dang","pm25",19.1,"2019-07-18 20:09:00","2019-07-19 01:54:00","µg/m3",82.5346,27.9914
"Dang","pm25",19.6,"2019-07-18 20:19:00","2019-07-19 02:04:00","µg/m3",82.5346,27.9914
"Dang","pm25",18.9,"2019-07-18 20:29:00","2019-07-19 02:14:00","µg/m3",82.5346,27.9914
"Dang","pm25",19.6,"2019-07-18 20:39:00","2019-07-19 02:24:00","µg/m3",82.5346,27.9914
"Dang","pm25",23.5,"2019-07-18 20:48:00","2019-07-19 02:33:00","µg/m3",82.5346,27.9914
"Dang","pm25",20.5,"2019-07-18 20:59:00","2019-07-19 02:44:00","µg/m3",82.5346,27.9914
"Dang","pm25",18.7,"2019-07-18 21:09:00","2019-07-19 02:54:00","µg/m3",82.5346,27.9914
"Dang","pm25",18.8,"2019-07-18 21:17:00","2019-07-19 03:02:00","µg/m3",82.5346,27.9914
"Dang","pm25",19.9,"2019-07-18 21:47:00","2019-07-19 03:32:00","µg/m3",82.5346,27.9914
"Dang","pm25",23.1,"2019-07-18 21:59:00","2019-07-19 03:44:00","µg/m3",82.5346,27.9914
"Dang","pm25",20.3,"2019-07-18 22:09:00","2019-07-19 03:54:00","µg/m3",82.5346,27.9914
"Dang","pm25",19.7,"2019-07-18 22:17:00","2019-07-19 04:02:00","µg/m3",82.5346,27.9914
"Dang","pm25",20,"2019-07-18 22:29:00","2019-07-19 04:14:00","µg/m3",82.5346,27.9914
"Dang","pm25",20.3,"2019-07-18 22:39:00","2019-07-19 04:24:00","µg/m3",82.5346,27.9914
"Dang","pm25",23.5,"2019-07-18 22:47:00","2019-07-19 04:32:00","µg/m3",82.5346,27.9914
"Dang","pm25",19.5,"2019-07-18 22:59:00","2019-07-19 04:44:00","µg/m3",82.5346,27.9914
"Dang","pm25",21.3,"2019-07-18 23:09:00","2019-07-19 04:54:00","µg/m3",82.5346,27.9914
"Dang","pm25",22,"2019-07-18 23:17:00","2019-07-19 05:02:00","µg/m3",82.5346,27.9914
"Dang","pm25",15.9,"2019-07-18 23:29:00","2019-07-19 05:14:00","µg/m3",82.5346,27.9914
"Dang","pm25",16.5,"2019-07-18 23:39:00","2019-07-19 05:24:00","µg/m3",82.5346,27.9914
"Dang","pm25",12.5,"2019-07-18 23:47:00","2019-07-19 05:32:00","µg/m3",82.5346,27.9914
"Dang","pm25",26.5,"2019-07-19 00:09:00","2019-07-19 05:54:00","µg/m3",82.5346,27.9914
"Dang","pm25",22.9,"2019-07-19 00:18:00","2019-07-19 06:03:00","µg/m3",82.5346,27.9914
"Dang","pm25",26,"2019-07-19 00:29:00","2019-07-19 06:14:00","µg/m3",82.5346,27.9914
"Dang","pm25",25.9,"2019-07-19 00:39:00","2019-07-19 06:24:00","µg/m3",82.5346,27.9914
"Dang","pm25",29.1,"2019-07-19 00:48:00","2019-07-19 06:33:00","µg/m3",82.5346,27.9914
"Dang","pm25",27.6,"2019-07-19 00:59:00","2019-07-19 06:44:00","µg/m3",82.5346,27.9914
"Dang","pm25",28.1,"2019-07-19 01:09:00","2019-07-19 06:54:00","µg/m3",82.5346,27.9914
"Dang","pm25",36.2,"2019-07-19 01:18:00","2019-07-19 07:03:00","µg/m3",82.5346,27.9914
"Dang","pm25",25.8,"2019-07-19 01:27:00","2019-07-19 07:12:00","µg/m3",82.5346,27.9914
"Dang","pm25",28.2,"2019-07-19 01:39:00","2019-07-19 07:24:00","µg/m3",82.5346,27.9914
"Dang","pm25",24.5,"2019-07-19 01:48:00","2019-07-19 07:33:00","µg/m3",82.5346,27.9914
"Dang","pm25",36,"2019-07-19 01:59:00","2019-07-19 07:44:00","µg/m3",82.5346,27.9914
"Dang","pm25",30,"2019-07-19 02:09:00","2019-07-19 07:54:00","µg/m3",82.5346,27.9914
"Dang","pm25",29.4,"2019-07-19 02:18:00","2019-07-19 08:03:00","µg/m3",82.5346,27.9914
"Dang","pm25",26.8,"2019-07-19 02:29:00","2019-07-19 08:14:00","µg/m3",82.5346,27.9914
"Dang","pm25",28.3,"2019-07-19 02:39:00","2019-07-19 08:24:00","µg/m3",82.5346,27.9914
"Dang","pm25",27.1,"2019-07-19 02:48:00","2019-07-19 08:33:00","µg/m3",82.5346,27.9914
"Dang","pm25",25.1,"2019-07-19 02:59:00","2019-07-19 08:44:00","µg/m3",82.5346,27.9914
"Dang","pm25",23,"2019-07-19 03:09:00","2019-07-19 08:54:00","µg/m3",82.5346,27.9914
"Dang","pm25",22.1,"2019-07-19 03:18:00","2019-07-19 09:03:00","µg/m3",82.5346,27.9914
"Dang","pm25",22.2,"2019-07-19 03:29:00","2019-07-19 09:14:00","µg/m3",82.5346,27.9914
"Dang","pm25",22.5,"2019-07-19 03:39:00","2019-07-19 09:24:00","µg/m3",82.5346,27.9914
"Dang","pm25",22.9,"2019-07-19 03:48:00","2019-07-19 09:33:00","µg/m3",82.5346,27.9914
"Dang","pm25",22.3,"2019-07-19 03:59:00","2019-07-19 09:44:00","µg/m3",82.5346,27.9914
"Dang","pm25",22.6,"2019-07-19 04:09:00","2019-07-19 09:54:00","µg/m3",82.5346,27.9914
"Dang","pm25",28.6,"2019-07-19 04:18:00","2019-07-19 10:03:00","µg/m3",82.5346,27.9914
"Dang","pm25",24.8,"2019-07-19 04:29:00","2019-07-19 10:14:00","µg/m3",82.5346,27.9914
"Dang","pm25",21.8,"2019-07-19 04:39:00","2019-07-19 10:24:00","µg/m3",82.5346,27.9914
"Dang","pm25",20.4,"2019-07-19 04:49:00","2019-07-19 10:34:00","µg/m3",82.5346,27.9914
"Dang","pm25",16.3,"2019-07-19 04:57:00","2019-07-19 10:42:00","µg/m3",82.5346,27.9914
"Dang","pm25",15.1,"2019-07-19 05:09:00","2019-07-19 10:54:00","µg/m3",82.5346,27.9914
"Dang","pm25",13.3,"2019-07-19 05:19:00","2019-07-19 11:04:00","µg/m3",82.5346,27.9914
"Dang","pm25",12.8,"2019-07-19 05:27:00","2019-07-19 11:12:00","µg/m3",82.5346,27.9914
"Dang","pm25",16.1,"2019-07-19 05:39:00","2019-07-19 11:24:00","µg/m3",82.5346,27.9914
"Dang","pm25",17.7,"2019-07-19 05:49:00","2019-07-19 11:34:00","µg/m3",82.5346,27.9914
"Dang","pm25",16.3,"2019-07-19 05:57:00","2019-07-19 11:42:00","µg/m3",82.5346,27.9914
"Dang","pm25",19.4,"2019-07-19 06:09:00","2019-07-19 11:54:00","µg/m3",82.5346,27.9914
"Dang","pm25",20.8,"2019-07-19 06:19:00","2019-07-19 12:04:00","µg/m3",82.5346,27.9914
"Dang","pm25",20,"2019-07-19 06:27:00","2019-07-19 12:12:00","µg/m3",82.5346,27.9914
"Dang","pm25",20.5,"2019-07-19 06:39:00","2019-07-19 12:24:00","µg/m3",82.5346,27.9914
"Dang","pm25",21,"2019-07-19 06:49:00","2019-07-19 12:34:00","µg/m3",82.5346,27.9914
"Dang","pm25",20.1,"2019-07-19 06:57:00","2019-07-19 12:42:00","µg/m3",82.5346,27.9914
"Dang","pm25",18.7,"2019-07-19 07:09:00","2019-07-19 12:54:00","µg/m3",82.5346,27.9914
"Dang","pm25",19.7,"2019-07-19 07:19:00","2019-07-19 13:04:00","µg/m3",82.5346,27.9914
"Dang","pm25",21,"2019-07-19 07:37:00","2019-07-19 13:22:00","µg/m3",82.5346,27.9914
"Dang","pm25",19,"2019-07-19 07:49:00","2019-07-19 13:34:00","µg/m3",82.5346,27.9914
"Dang","pm25",20.7,"2019-07-19 07:57:00","2019-07-19 13:42:00","µg/m3",82.5346,27.9914
"Dang","pm25",19.5,"2019-07-19 08:09:00","2019-07-19 13:54:00","µg/m3",82.5346,27.9914
"Dang","pm25",18.3,"2019-07-19 08:18:00","2019-07-19 14:03:00","µg/m3",82.5346,27.9914
"Dang","pm25",21.8,"2019-07-19 08:29:00","2019-07-19 14:14:00","µg/m3",82.5346,27.9914
"Dang","pm25",22.2,"2019-07-19 08:39:00","2019-07-19 14:24:00","µg/m3",82.5346,27.9914
"Dang","pm25",20.5,"2019-07-19 08:48:00","2019-07-19 14:33:00","µg/m3",82.5346,27.9914
"Dang","pm25",21.9,"2019-07-19 08:59:00","2019-07-19 14:44:00","µg/m3",82.5346,27.9914
"Dang","pm25",20.4,"2019-07-19 09:09:00","2019-07-19 14:54:00","µg/m3",82.5346,27.9914
"Dang","pm25",17.2,"2019-07-19 09:18:00","2019-07-19 15:03:00","µg/m3",82.5346,27.9914
"Dang","pm25",15.2,"2019-07-19 09:29:00","2019-07-19 15:14:00","µg/m3",82.5346,27.9914
"Dang","pm25",14.9,"2019-07-19 09:39:00","2019-07-19 15:24:00","µg/m3",82.5346,27.9914
"Dang","pm25",10.1,"2019-07-19 09:48:00","2019-07-19 15:33:00","µg/m3",82.5346,27.9914
"Dang","pm25",6.8,"2019-07-19 09:59:00","2019-07-19 15:44:00","µg/m3",82.5346,27.9914
"Dang","pm25",7,"2019-07-19 10:09:00","2019-07-19 15:54:00","µg/m3",82.5346,27.9914
"Dang","pm25",10.2,"2019-07-19 10:19:00","2019-07-19 16:04:00","µg/m3",82.5346,27.9914
"Dang","pm25",9,"2019-07-19 10:27:00","2019-07-19 16:12:00","µg/m3",82.5346,27.9914
"Dang","pm25",10.8,"2019-07-19 10:39:00","2019-07-19 16:24:00","µg/m3",82.5346,27.9914
"Dang","pm25",8.8,"2019-07-19 10:49:00","2019-07-19 16:34:00","µg/m3",82.5346,27.9914
"Dang","pm25",7.2,"2019-07-19 10:57:00","2019-07-19 16:42:00","µg/m3",82.5346,27.9914
"Dang","pm25",7.3,"2019-07-19 11:09:00","2019-07-19 16:54:00","µg/m3",82.5346,27.9914
"Dang","pm25",6.2,"2019-07-19 11:19:00","2019-07-19 17:04:00","µg/m3",82.5346,27.9914
"Dang","pm25",7.8,"2019-07-19 11:28:00","2019-07-19 17:13:00","µg/m3",82.5346,27.9914
"Dang","pm25",7,"2019-07-19 11:39:00","2019-07-19 17:24:00","µg/m3",82.5346,27.9914
"Dang","pm25",7.6,"2019-07-19 11:49:00","2019-07-19 17:34:00","µg/m3",82.5346,27.9914
"Dang","pm25",11.3,"2019-07-19 11:57:00","2019-07-19 17:42:00","µg/m3",82.5346,27.9914
"Dang","pm25",9.8,"2019-07-19 12:09:00","2019-07-19 17:54:00","µg/m3",82.5346,27.9914
"Dang","pm25",10.3,"2019-07-19 12:19:00","2019-07-19 18:04:00","µg/m3",82.5346,27.9914
"Dang","pm25",10.1,"2019-07-19 12:27:00","2019-07-19 18:12:00","µg/m3",82.5346,27.9914
"Dang","pm25",13.8,"2019-07-19 12:39:00","2019-07-19 18:24:00","µg/m3",82.5346,27.9914
"Dang","pm25",13.9,"2019-07-19 12:49:00","2019-07-19 18:34:00","µg/m3",82.5346,27.9914
"Dang","pm25",15.3,"2019-07-19 12:57:00","2019-07-19 18:42:00","µg/m3",82.5346,27.9914
"Dang","pm25",19.9,"2019-07-19 13:09:00","2019-07-19 18:54:00","µg/m3",82.5346,27.9914
"Dang","pm25",12.1,"2019-07-19 13:19:00","2019-07-19 19:04:00","µg/m3",82.5346,27.9914
"Dang","pm25",15.7,"2019-07-19 13:27:00","2019-07-19 19:12:00","µg/m3",82.5346,27.9914
"Dang","pm25",14.6,"2019-07-19 13:39:00","2019-07-19 19:24:00","µg/m3",82.5346,27.9914
"Dang","pm25",15.7,"2019-07-19 13:49:00","2019-07-19 19:34:00","µg/m3",82.5346,27.9914
"Dang","pm25",14.7,"2019-07-19 13:59:00","2019-07-19 19:44:00","µg/m3",82.5346,27.9914
"Dang","pm25",18.3,"2019-07-19 14:07:00","2019-07-19 19:52:00","µg/m3",82.5346,27.9914
"Dang","pm25",23.4,"2019-07-19 14:18:00","2019-07-19 20:03:00","µg/m3",82.5346,27.9914
"Dang","pm25",14.9,"2019-07-19 14:29:00","2019-07-19 20:14:00","µg/m3",82.5346,27.9914
"Dang","pm25",14.3,"2019-07-19 14:39:00","2019-07-19 20:24:00","µg/m3",82.5346,27.9914
"Dang","pm25",14.9,"2019-07-19 14:48:00","2019-07-19 20:33:00","µg/m3",82.5346,27.9914
"Dang","pm25",14.8,"2019-07-19 14:59:00","2019-07-19 20:44:00","µg/m3",82.5346,27.9914
"Dang","pm25",14.1,"2019-07-19 15:07:00","2019-07-19 20:52:00","µg/m3",82.5346,27.9914
"Dang","pm25",14.3,"2019-07-19 15:18:00","2019-07-19 21:03:00","µg/m3",82.5346,27.9914
"Dang","pm25",14.9,"2019-07-19 15:29:00","2019-07-19 21:14:00","µg/m3",82.5346,27.9914
"Dang","pm25",13.6,"2019-07-19 15:39:00","2019-07-19 21:24:00","µg/m3",82.5346,27.9914
"Dang","pm25",13.8,"2019-07-19 15:48:00","2019-07-19 21:33:00","µg/m3",82.5346,27.9914
"Dang","pm25",14.3,"2019-07-19 15:59:00","2019-07-19 21:44:00","µg/m3",82.5346,27.9914
"Dang","pm25",13,"2019-07-19 16:07:00","2019-07-19 21:52:00","µg/m3",82.5346,27.9914
"Dang","pm25",12.3,"2019-07-19 16:18:00","2019-07-19 22:03:00","µg/m3",82.5346,27.9914
"Dang","pm25",12.2,"2019-07-19 16:29:00","2019-07-19 22:14:00","µg/m3",82.5346,27.9914
"Dang","pm25",11.6,"2019-07-19 16:39:00","2019-07-19 22:24:00","µg/m3",82.5346,27.9914
"Dang","pm25",12.6,"2019-07-19 16:47:00","2019-07-19 22:32:00","µg/m3",82.5346,27.9914
"Dang","pm25",13,"2019-07-19 16:59:00","2019-07-19 22:44:00","µg/m3",82.5346,27.9914
"Dang","pm25",13.5,"2019-07-19 17:09:00","2019-07-19 22:54:00","µg/m3",82.5346,27.9914
"Dang","pm25",12.8,"2019-07-19 17:18:00","2019-07-19 23:03:00","µg/m3",82.5346,27.9914
"Dang","pm25",12.5,"2019-07-19 17:39:00","2019-07-19 23:24:00","µg/m3",82.5346,27.9914
"Dang","pm25",13.2,"2019-07-19 17:48:00","2019-07-19 23:33:00","µg/m3",82.5346,27.9914
"Dang","pm25",13.5,"2019-07-19 17:59:00","2019-07-19 23:44:00","µg/m3",82.5346,27.9914
"Dang","pm25",13,"2019-07-19 18:09:00","2019-07-19 23:54:00","µg/m3",82.5346,27.9914
"Dang","pm25",14.1,"2019-07-19 18:17:00","2019-07-20 00:02:00","µg/m3",82.5346,27.9914
"Dang","pm25",13.8,"2019-07-19 18:29:00","2019-07-20 00:14:00","µg/m3",82.5346,27.9914
"Dang","pm25",12,"2019-07-19 18:39:00","2019-07-20 00:24:00","µg/m3",82.5346,27.9914
"Dang","pm25",14.7,"2019-07-19 18:47:00","2019-07-20 00:32:00","µg/m3",82.5346,27.9914
"Dang","pm25",15.5,"2019-07-19 19:08:00","2019-07-20 00:53:00","µg/m3",82.5346,27.9914
"Dang","pm25",13.4,"2019-07-19 19:19:00","2019-07-20 01:04:00","µg/m3",82.5346,27.9914
"Dang","pm25",13.3,"2019-07-19 19:39:00","2019-07-20 01:24:00","µg/m3",82.5346,27.9914
"Dang","pm25",13.9,"2019-07-19 19:49:00","2019-07-20 01:34:00","µg/m3",82.5346,27.9914
"Dang","pm25",13.4,"2019-07-19 19:59:00","2019-07-20 01:44:00","µg/m3",82.5346,27.9914
"Dang","pm25",13.3,"2019-07-19 20:08:00","2019-07-20 01:53:00","µg/m3",82.5346,27.9914
"Dang","pm25",14.2,"2019-07-19 20:17:00","2019-07-20 02:02:00","µg/m3",82.5346,27.9914
"Dang","pm25",15.3,"2019-07-19 20:29:00","2019-07-20 02:14:00","µg/m3",82.5346,27.9914
"Dang","pm25",14.7,"2019-07-19 20:37:00","2019-07-20 02:22:00","µg/m3",82.5346,27.9914
"Dang","pm25",14.6,"2019-07-19 20:49:00","2019-07-20 02:34:00","µg/m3",82.5346,27.9914
"Dang","pm25",14.5,"2019-07-19 20:59:00","2019-07-20 02:44:00","µg/m3",82.5346,27.9914
"Dang","pm25",15.5,"2019-07-19 21:07:00","2019-07-20 02:52:00","µg/m3",82.5346,27.9914
"Dang","pm25",14.7,"2019-07-19 21:17:00","2019-07-20 03:02:00","µg/m3",82.5346,27.9914
"Dang","pm25",14.4,"2019-07-19 21:29:00","2019-07-20 03:14:00","µg/m3",82.5346,27.9914
"Dang","pm25",14.9,"2019-07-19 21:37:00","2019-07-20 03:22:00","µg/m3",82.5346,27.9914
"Dang","pm25",14.3,"2019-07-19 21:49:00","2019-07-20 03:34:00","µg/m3",82.5346,27.9914
"Dang","pm25",14.5,"2019-07-19 21:59:00","2019-07-20 03:44:00","µg/m3",82.5346,27.9914
"Dang","pm25",16.2,"2019-07-19 22:07:00","2019-07-20 03:52:00","µg/m3",82.5346,27.9914
"Dang","pm25",17.6,"2019-07-19 22:19:00","2019-07-20 04:04:00","µg/m3",82.5346,27.9914
"Dang","pm25",16.2,"2019-07-19 22:29:00","2019-07-20 04:14:00","µg/m3",82.5346,27.9914
"Dang","pm25",16.5,"2019-07-19 22:37:00","2019-07-20 04:22:00","µg/m3",82.5346,27.9914
"Dang","pm25",17.1,"2019-07-19 22:49:00","2019-07-20 04:34:00","µg/m3",82.5346,27.9914
"Dang","pm25",14.9,"2019-07-19 22:59:00","2019-07-20 04:44:00","µg/m3",82.5346,27.9914
"Dang","pm25",16.2,"2019-07-19 23:07:00","2019-07-20 04:52:00","µg/m3",82.5346,27.9914
"Dang","pm25",14.8,"2019-07-19 23:17:00","2019-07-20 05:02:00","µg/m3",82.5346,27.9914
"Dang","pm25",14.5,"2019-07-19 23:29:00","2019-07-20 05:14:00","µg/m3",82.5346,27.9914
"Dang","pm25",17.9,"2019-07-19 23:37:00","2019-07-20 05:22:00","µg/m3",82.5346,27.9914
"Dang","pm25",18.7,"2019-07-19 23:47:00","2019-07-20 05:32:00","µg/m3",82.5346,27.9914
"Dang","pm25",16.8,"2019-07-19 23:59:00","2019-07-20 05:44:00","µg/m3",82.5346,27.9914
"Dang","pm25",23.8,"2019-07-20 00:19:00","2019-07-20 06:04:00","µg/m3",82.5346,27.9914
"Dang","pm25",20,"2019-07-20 00:29:00","2019-07-20 06:14:00","µg/m3",82.5346,27.9914
"Dang","pm25",24,"2019-07-20 00:37:00","2019-07-20 06:22:00","µg/m3",82.5346,27.9914
"Dang","pm25",17.3,"2019-07-20 00:49:00","2019-07-20 06:34:00","µg/m3",82.5346,27.9914
"Dang","pm25",16.5,"2019-07-20 00:58:00","2019-07-20 06:43:00","µg/m3",82.5346,27.9914
"Dang","pm25",29.7,"2019-07-20 01:09:00","2019-07-20 06:54:00","µg/m3",82.5346,27.9914
"Dang","pm25",19.6,"2019-07-20 01:19:00","2019-07-20 07:04:00","µg/m3",82.5346,27.9914
"Dang","pm25",18,"2019-07-20 01:25:00","2019-07-20 07:10:00","µg/m3",82.5346,27.9914
"Dang","pm25",19.6,"2019-07-20 01:39:00","2019-07-20 07:24:00","µg/m3",82.5346,27.9914
"Dang","pm25",19.1,"2019-07-20 01:49:00","2019-07-20 07:34:00","µg/m3",82.5346,27.9914
"Dang","pm25",19.9,"2019-07-20 01:58:00","2019-07-20 07:43:00","µg/m3",82.5346,27.9914
"Dang","pm25",18.3,"2019-07-20 02:09:00","2019-07-20 07:54:00","µg/m3",82.5346,27.9914
"Dang","pm25",19.2,"2019-07-20 02:19:00","2019-07-20 08:04:00","µg/m3",82.5346,27.9914
"Dang","pm25",16.3,"2019-07-20 02:25:00","2019-07-20 08:10:00","µg/m3",82.5346,27.9914
"Dang","pm25",19.4,"2019-07-20 02:39:00","2019-07-20 08:24:00","µg/m3",82.5346,27.9914
"Dang","pm25",19.2,"2019-07-20 02:49:00","2019-07-20 08:34:00","µg/m3",82.5346,27.9914
"Dang","pm25",18,"2019-07-20 02:58:00","2019-07-20 08:43:00","µg/m3",82.5346,27.9914
"Dang","pm25",18.6,"2019-07-20 03:09:00","2019-07-20 08:54:00","µg/m3",82.5346,27.9914
"Dang","pm25",17.5,"2019-07-20 03:19:00","2019-07-20 09:04:00","µg/m3",82.5346,27.9914
"Dang","pm25",17.2,"2019-07-20 03:28:00","2019-07-20 09:13:00","µg/m3",82.5346,27.9914
"Dang","pm25",16.9,"2019-07-20 03:39:00","2019-07-20 09:24:00","µg/m3",82.5346,27.9914
"Dang","pm25",15.7,"2019-07-20 03:47:00","2019-07-20 09:32:00","µg/m3",82.5346,27.9914
"Dang","pm25",15.1,"2019-07-20 03:58:00","2019-07-20 09:43:00","µg/m3",82.5346,27.9914
"Dang","pm25",15.8,"2019-07-20 04:09:00","2019-07-20 09:54:00","µg/m3",82.5346,27.9914
"Dang","pm25",14.9,"2019-07-20 04:17:00","2019-07-20 10:02:00","µg/m3",82.5346,27.9914
"Dang","pm25",14.2,"2019-07-20 04:39:00","2019-07-20 10:24:00","µg/m3",82.5346,27.9914
"Dang","pm25",13.2,"2019-07-20 04:49:00","2019-07-20 10:34:00","µg/m3",82.5346,27.9914
"Dang","pm25",14.9,"2019-07-20 04:58:00","2019-07-20 10:43:00","µg/m3",82.5346,27.9914
"Dang","pm25",14.6,"2019-07-20 05:09:00","2019-07-20 10:54:00","µg/m3",82.5346,27.9914
"Dang","pm25",14.2,"2019-07-20 05:19:00","2019-07-20 11:04:00","µg/m3",82.5346,27.9914
"Dang","pm25",14,"2019-07-20 05:28:00","2019-07-20 11:13:00","µg/m3",82.5346,27.9914
"Dang","pm25",14.6,"2019-07-20 05:37:00","2019-07-20 11:22:00","µg/m3",82.5346,27.9914
"Dang","pm25",17.9,"2019-07-20 05:49:00","2019-07-20 11:34:00","µg/m3",82.5346,27.9914
"Dang","pm25",19,"2019-07-20 05:58:00","2019-07-20 11:43:00","µg/m3",82.5346,27.9914
"Dang","pm25",18.5,"2019-07-20 06:09:00","2019-07-20 11:54:00","µg/m3",82.5346,27.9914
"Dang","pm25",19,"2019-07-20 06:19:00","2019-07-20 12:04:00","µg/m3",82.5346,27.9914
"Dang","pm25",17.7,"2019-07-20 06:29:00","2019-07-20 12:14:00","µg/m3",82.5346,27.9914
"Dang","pm25",18.6,"2019-07-20 06:37:00","2019-07-20 12:22:00","µg/m3",82.5346,27.9914
"Dang","pm25",17.9,"2019-07-20 06:49:00","2019-07-20 12:34:00","µg/m3",82.5346,27.9914
"Dang","pm25",16.9,"2019-07-20 07:07:00","2019-07-20 12:52:00","µg/m3",82.5346,27.9914
"Dang","pm25",18.6,"2019-07-20 07:19:00","2019-07-20 13:04:00","µg/m3",82.5346,27.9914
"Dang","pm25",20.3,"2019-07-20 07:29:00","2019-07-20 13:14:00","µg/m3",82.5346,27.9914
"Dang","pm25",20.5,"2019-07-20 07:37:00","2019-07-20 13:22:00","µg/m3",82.5346,27.9914
"Dang","pm25",20.4,"2019-07-20 07:49:00","2019-07-20 13:34:00","µg/m3",82.5346,27.9914
"Dang","pm25",22.5,"2019-07-20 07:59:00","2019-07-20 13:44:00","µg/m3",82.5346,27.9914
"Dang","pm25",20.9,"2019-07-20 08:19:00","2019-07-20 14:04:00","µg/m3",82.5346,27.9914
"Dang","pm25",20.4,"2019-07-20 08:28:00","2019-07-20 14:13:00","µg/m3",82.5346,27.9914
"Dang","pm25",20.9,"2019-07-20 08:39:00","2019-07-20 14:24:00","µg/m3",82.5346,27.9914
"Dang","pm25",26.4,"2019-07-20 08:49:00","2019-07-20 14:34:00","µg/m3",82.5346,27.9914
"Dang","pm25",17.9,"2019-07-20 08:58:00","2019-07-20 14:43:00","µg/m3",82.5346,27.9914
"Dang","pm25",17.8,"2019-07-20 09:19:00","2019-07-20 15:04:00","µg/m3",82.5346,27.9914
"Dang","pm25",19.7,"2019-07-20 09:27:00","2019-07-20 15:12:00","µg/m3",82.5346,27.9914
"Dang","pm25",18.8,"2019-07-20 09:39:00","2019-07-20 15:24:00","µg/m3",82.5346,27.9914
"Dang","pm25",17.6,"2019-07-20 09:49:00","2019-07-20 15:34:00","µg/m3",82.5346,27.9914
"Dang","pm25",18,"2019-07-20 09:57:00","2019-07-20 15:42:00","µg/m3",82.5346,27.9914
"Dang","pm25",18.4,"2019-07-20 10:09:00","2019-07-20 15:54:00","µg/m3",82.5346,27.9914
"Dang","pm25",14.7,"2019-07-20 10:19:00","2019-07-20 16:04:00","µg/m3",82.5346,27.9914
"Dang","pm25",10.7,"2019-07-20 10:27:00","2019-07-20 16:12:00","µg/m3",82.5346,27.9914
"Dang","pm25",10.4,"2019-07-20 10:39:00","2019-07-20 16:24:00","µg/m3",82.5346,27.9914
"Dang","pm25",8.4,"2019-07-20 10:46:00","2019-07-20 16:31:00","µg/m3",82.5346,27.9914
"Dang","pm25",7.9,"2019-07-20 10:57:00","2019-07-20 16:42:00","µg/m3",82.5346,27.9914
"Dang","pm25",7.2,"2019-07-20 11:07:00","2019-07-20 16:52:00","µg/m3",82.5346,27.9914
"Dang","pm25",8.1,"2019-07-20 11:18:00","2019-07-20 17:03:00","µg/m3",82.5346,27.9914
"Dang","pm25",5.5,"2019-07-20 11:29:00","2019-07-20 17:14:00","µg/m3",82.5346,27.9914
"Dang","pm25",5.7,"2019-07-20 11:39:00","2019-07-20 17:24:00","µg/m3",82.5346,27.9914
"Dang","pm25",6.3,"2019-07-20 11:57:00","2019-07-20 17:42:00","µg/m3",82.5346,27.9914
"Dang","pm25",8.1,"2019-07-20 12:09:00","2019-07-20 17:54:00","µg/m3",82.5346,27.9914
"Dang","pm25",7.2,"2019-07-20 12:18:00","2019-07-20 18:03:00","µg/m3",82.5346,27.9914
"Dang","pm25",12.9,"2019-07-20 12:29:00","2019-07-20 18:14:00","µg/m3",82.5346,27.9914
"Dang","pm25",10.7,"2019-07-20 12:39:00","2019-07-20 18:24:00","µg/m3",82.5346,27.9914
"Dang","pm25",7.5,"2019-07-20 12:48:00","2019-07-20 18:33:00","µg/m3",82.5346,27.9914
"Dang","pm25",6.6,"2019-07-20 12:59:00","2019-07-20 18:44:00","µg/m3",82.5346,27.9914
"Dang","pm25",8.7,"2019-07-20 13:09:00","2019-07-20 18:54:00","µg/m3",82.5346,27.9914
"Dang","pm25",9.2,"2019-07-20 13:29:00","2019-07-20 19:14:00","µg/m3",82.5346,27.9914
"Dang","pm25",10.4,"2019-07-20 13:39:00","2019-07-20 19:24:00","µg/m3",82.5346,27.9914
"Dang","pm25",8.5,"2019-07-20 13:48:00","2019-07-20 19:33:00","µg/m3",82.5346,27.9914
"Dang","pm25",9.9,"2019-07-20 13:59:00","2019-07-20 19:44:00","µg/m3",82.5346,27.9914
"Dang","pm25",8.8,"2019-07-20 14:09:00","2019-07-20 19:54:00","µg/m3",82.5346,27.9914
"Dang","pm25",8.1,"2019-07-20 14:18:00","2019-07-20 20:03:00","µg/m3",82.5346,27.9914
"Dang","pm25",8.5,"2019-07-20 14:29:00","2019-07-20 20:14:00","µg/m3",82.5346,27.9914
"Dang","pm25",8.4,"2019-07-20 14:39:00","2019-07-20 20:24:00","µg/m3",82.5346,27.9914
"Dang","pm25",8,"2019-07-20 14:47:00","2019-07-20 20:32:00","µg/m3",82.5346,27.9914
"Dang","pm25",9.9,"2019-07-20 14:59:00","2019-07-20 20:44:00","µg/m3",82.5346,27.9914
"Dang","pm25",10.5,"2019-07-20 15:19:00","2019-07-20 21:04:00","µg/m3",82.5346,27.9914
"Dang","pm25",8.3,"2019-07-20 15:29:00","2019-07-20 21:14:00","µg/m3",82.5346,27.9914
"Dang","pm25",8,"2019-07-20 15:38:00","2019-07-20 21:23:00","µg/m3",82.5346,27.9914
"Dang","pm25",9.6,"2019-07-20 15:49:00","2019-07-20 21:34:00","µg/m3",82.5346,27.9914
"Dang","pm25",10.2,"2019-07-20 15:59:00","2019-07-20 21:44:00","µg/m3",82.5346,27.9914
"Dang","pm25",9.3,"2019-07-20 16:09:00","2019-07-20 21:54:00","µg/m3",82.5346,27.9914
"Dang","pm25",9.9,"2019-07-20 16:18:00","2019-07-20 22:03:00","µg/m3",82.5346,27.9914
"Dang","pm25",13.6,"2019-07-20 16:29:00","2019-07-20 22:14:00","µg/m3",82.5346,27.9914
"Dang","pm25",12.3,"2019-07-20 16:37:00","2019-07-20 22:22:00","µg/m3",82.5346,27.9914
"Dang","pm25",12.4,"2019-07-20 16:48:00","2019-07-20 22:33:00","µg/m3",82.5346,27.9914
"Dang","pm25",15.4,"2019-07-20 16:59:00","2019-07-20 22:44:00","µg/m3",82.5346,27.9914
"Dang","pm25",15.7,"2019-07-20 17:09:00","2019-07-20 22:54:00","µg/m3",82.5346,27.9914
"Dang","pm25",12.6,"2019-07-20 17:18:00","2019-07-20 23:03:00","µg/m3",82.5346,27.9914
"Dang","pm25",13.1,"2019-07-20 17:29:00","2019-07-20 23:14:00","µg/m3",82.5346,27.9914
"Dang","pm25",16.3,"2019-07-20 17:37:00","2019-07-20 23:22:00","µg/m3",82.5346,27.9914
"Dang","pm25",17.8,"2019-07-20 17:48:00","2019-07-20 23:33:00","µg/m3",82.5346,27.9914
"Dang","pm25",16.6,"2019-07-20 17:59:00","2019-07-20 23:44:00","µg/m3",82.5346,27.9914
"Dang","pm25",15.2,"2019-07-20 18:09:00","2019-07-20 23:54:00","µg/m3",82.5346,27.9914
"Dang","pm25",14.5,"2019-07-20 18:18:00","2019-07-21 00:03:00","µg/m3",82.5346,27.9914
"Dang","pm25",14.4,"2019-07-20 18:29:00","2019-07-21 00:14:00","µg/m3",82.5346,27.9914
"Dang","pm25",17.7,"2019-07-20 18:37:00","2019-07-21 00:22:00","µg/m3",82.5346,27.9914
"Dang","pm25",19.7,"2019-07-20 18:49:00","2019-07-21 00:34:00","µg/m3",82.5346,27.9914
"Dang","pm25",16.7,"2019-07-20 18:57:00","2019-07-21 00:42:00","µg/m3",82.5346,27.9914
"Dang","pm25",18.2,"2019-07-20 19:09:00","2019-07-21 00:54:00","µg/m3",82.5346,27.9914
"Dang","pm25",15.8,"2019-07-20 19:19:00","2019-07-21 01:04:00","µg/m3",82.5346,27.9914
"Dang","pm25",16.1,"2019-07-20 19:28:00","2019-07-21 01:13:00","µg/m3",82.5346,27.9914
"Dang","pm25",16.9,"2019-07-20 19:39:00","2019-07-21 01:24:00","µg/m3",82.5346,27.9914
"Dang","pm25",15.2,"2019-07-20 19:49:00","2019-07-21 01:34:00","µg/m3",82.5346,27.9914
"Dang","pm25",12.3,"2019-07-20 19:58:00","2019-07-21 01:43:00","µg/m3",82.5346,27.9914
"Dang","pm25",13,"2019-07-20 20:09:00","2019-07-21 01:54:00","µg/m3",82.5346,27.9914
"Dang","pm25",20.9,"2019-07-20 20:19:00","2019-07-21 02:04:00","µg/m3",82.5346,27.9914
"Dang","pm25",16.4,"2019-07-20 20:28:00","2019-07-21 02:13:00","µg/m3",82.5346,27.9914
"Dang","pm25",18.9,"2019-07-20 20:37:00","2019-07-21 02:22:00","µg/m3",82.5346,27.9914
"Dang","pm25",14.6,"2019-07-20 20:49:00","2019-07-21 02:34:00","µg/m3",82.5346,27.9914
"Dang","pm25",11.6,"2019-07-20 20:58:00","2019-07-21 02:43:00","µg/m3",82.5346,27.9914
"Dang","pm25",16.3,"2019-07-20 21:19:00","2019-07-21 03:04:00","µg/m3",82.5346,27.9914
"Dang","pm25",10.4,"2019-07-20 21:29:00","2019-07-21 03:14:00","µg/m3",82.5346,27.9914
"Dang","pm25",11.6,"2019-07-20 21:37:00","2019-07-21 03:22:00","µg/m3",82.5346,27.9914
"Dang","pm25",9.6,"2019-07-20 21:49:00","2019-07-21 03:34:00","µg/m3",82.5346,27.9914
"Dang","pm25",10.1,"2019-07-20 22:07:00","2019-07-21 03:52:00","µg/m3",82.5346,27.9914
"Dang","pm25",10.7,"2019-07-20 22:17:00","2019-07-21 04:02:00","µg/m3",82.5346,27.9914
"Dang","pm25",10.9,"2019-07-20 22:29:00","2019-07-21 04:14:00","µg/m3",82.5346,27.9914
"Dang","pm25",10.8,"2019-07-20 22:37:00","2019-07-21 04:22:00","µg/m3",82.5346,27.9914
"Dang","pm25",11.8,"2019-07-20 22:49:00","2019-07-21 04:34:00","µg/m3",82.5346,27.9914
"Dang","pm25",14.4,"2019-07-20 22:59:00","2019-07-21 04:44:00","µg/m3",82.5346,27.9914
"Dang","pm25",14.9,"2019-07-20 23:07:00","2019-07-21 04:52:00","µg/m3",82.5346,27.9914
"Dang","pm25",12.5,"2019-07-20 23:19:00","2019-07-21 05:04:00","µg/m3",82.5346,27.9914
"Dang","pm25",16.6,"2019-07-20 23:37:00","2019-07-21 05:22:00","µg/m3",82.5346,27.9914
"Dang","pm25",22.9,"2019-07-20 23:49:00","2019-07-21 05:34:00","µg/m3",82.5346,27.9914
"Dang","pm25",22.5,"2019-07-20 23:59:00","2019-07-21 05:44:00","µg/m3",82.5346,27.9914
"Dang","pm25",18.2,"2019-07-21 00:19:00","2019-07-21 06:04:00","µg/m3",82.5346,27.9914
"Dang","pm25",18,"2019-07-21 00:26:00","2019-07-21 06:11:00","µg/m3",82.5346,27.9914
"Dang","pm25",22.4,"2019-07-21 00:39:00","2019-07-21 06:24:00","µg/m3",82.5346,27.9914
"Dang","pm25",23.2,"2019-07-21 00:49:00","2019-07-21 06:34:00","µg/m3",82.5346,27.9914
"Dang","pm25",24.7,"2019-07-21 00:58:00","2019-07-21 06:43:00","µg/m3",82.5346,27.9914
"Dang","pm25",23.7,"2019-07-21 01:07:00","2019-07-21 06:52:00","µg/m3",82.5346,27.9914
"Dang","pm25",24.3,"2019-07-21 01:18:00","2019-07-21 07:03:00","µg/m3",82.5346,27.9914
"Dang","pm25",24.4,"2019-07-21 01:37:00","2019-07-21 07:22:00","µg/m3",82.5346,27.9914
"Dang","pm25",25,"2019-07-21 01:47:00","2019-07-21 07:32:00","µg/m3",82.5346,27.9914
"Dang","pm25",23,"2019-07-21 01:59:00","2019-07-21 07:44:00","µg/m3",82.5346,27.9914
"Dang","pm25",21.7,"2019-07-21 02:07:00","2019-07-21 07:52:00","µg/m3",82.5346,27.9914
"Dang","pm25",24.9,"2019-07-21 02:19:00","2019-07-21 08:04:00","µg/m3",82.5346,27.9914
"Dang","pm25",25.7,"2019-07-21 02:29:00","2019-07-21 08:14:00","µg/m3",82.5346,27.9914
"Dang","pm25",27.5,"2019-07-21 02:38:00","2019-07-21 08:23:00","µg/m3",82.5346,27.9914
"Dang","pm25",25.5,"2019-07-21 02:47:00","2019-07-21 08:32:00","µg/m3",82.5346,27.9914
"Dang","pm25",27.4,"2019-07-21 02:59:00","2019-07-21 08:44:00","µg/m3",82.5346,27.9914
"Dang","pm25",25.3,"2019-07-21 03:09:00","2019-07-21 08:54:00","µg/m3",82.5346,27.9914
"Dang","pm25",23.9,"2019-07-21 03:17:00","2019-07-21 09:02:00","µg/m3",82.5346,27.9914
"Dang","pm25",23.8,"2019-07-21 03:29:00","2019-07-21 09:14:00","µg/m3",82.5346,27.9914
"Dang","pm25",21.9,"2019-07-21 03:36:00","2019-07-21 09:21:00","µg/m3",82.5346,27.9914
"Dang","pm25",21.5,"2019-07-21 03:47:00","2019-07-21 09:32:00","µg/m3",82.5346,27.9914
"Dang","pm25",20.7,"2019-07-21 04:00:43","2019-07-21 09:45:43","µg/m3",82.5346,27.9914
"Dang","pm25",19.1,"2019-07-21 04:16:38","2019-07-21 10:01:38","µg/m3",82.5346,27.9914
"Dang","pm25",16.4,"2019-07-21 04:30:59","2019-07-21 10:15:59","µg/m3",82.5346,27.9914
"Dang","pm25",16.3,"2019-07-21 04:40:54","2019-07-21 10:25:54","µg/m3",82.5346,27.9914
"Dang","pm25",15.1,"2019-07-21 04:49:38","2019-07-21 10:34:38","µg/m3",82.5346,27.9914
"Dang","pm25",16.4,"2019-07-21 05:00:23","2019-07-21 10:45:23","µg/m3",82.5346,27.9914
"Dang","pm25",15.6,"2019-07-21 05:09:50","2019-07-21 10:54:50","µg/m3",82.5346,27.9914
"Dang","pm25",16,"2019-07-21 05:21:00","2019-07-21 11:06:00","µg/m3",82.5346,27.9914
"Dang","pm25",17.5,"2019-07-21 05:30:32","2019-07-21 11:15:32","µg/m3",82.5346,27.9914
"Dang","pm25",16.8,"2019-07-21 05:39:35","2019-07-21 11:24:35","µg/m3",82.5346,27.9914
"Dang","pm25",17.6,"2019-07-21 05:47:33","2019-07-21 11:32:33","µg/m3",82.5346,27.9914
"Dang","pm25",18.5,"2019-07-21 05:59:49","2019-07-21 11:44:49","µg/m3",82.5346,27.9914
"Dang","pm25",17.9,"2019-07-21 06:08:50","2019-07-21 11:53:50","µg/m3",82.5346,27.9914
"Dang","pm25",18.5,"2019-07-21 06:18:22","2019-07-21 12:03:22","µg/m3",82.5346,27.9914
"Dang","pm25",19.1,"2019-07-21 06:30:29","2019-07-21 12:15:29","µg/m3",82.5346,27.9914
"Dang","pm25",17.2,"2019-07-21 06:38:41","2019-07-21 12:23:41","µg/m3",82.5346,27.9914
"Dang","pm25",18.4,"2019-07-21 06:50:33","2019-07-21 12:35:33","µg/m3",82.5346,27.9914
"Dang","pm25",21.6,"2019-07-21 06:58:52","2019-07-21 12:43:52","µg/m3",82.5346,27.9914
"Dang","pm25",18,"2019-07-21 07:09:54","2019-07-21 12:54:54","µg/m3",82.5346,27.9914
"Dang","pm25",18.4,"2019-07-21 07:21:00","2019-07-21 13:06:00","µg/m3",82.5346,27.9914
"Dang","pm25",18.6,"2019-07-21 07:29:46","2019-07-21 13:14:46","µg/m3",82.5346,27.9914
"Dang","pm25",18.4,"2019-07-21 07:40:44","2019-07-21 13:25:44","µg/m3",82.5346,27.9914
"Dang","pm25",19.3,"2019-07-21 07:49:23","2019-07-21 13:34:23","µg/m3",82.5346,27.9914
"Dang","pm25",14.1,"2019-07-21 08:00:22","2019-07-21 13:45:22","µg/m3",82.5346,27.9914
"Dang","pm25",14,"2019-07-21 08:08:53","2019-07-21 13:53:53","µg/m3",82.5346,27.9914
"Dang","pm25",14.8,"2019-07-21 08:19:47","2019-07-21 14:04:47","µg/m3",82.5346,27.9914
"Dang","pm25",15.2,"2019-07-21 08:30:25","2019-07-21 14:15:25","µg/m3",82.5346,27.9914
"Dang","pm25",16.5,"2019-07-21 08:40:20","2019-07-21 14:25:20","µg/m3",82.5346,27.9914
"Dang","pm25",17,"2019-07-21 08:49:46","2019-07-21 14:34:46","µg/m3",82.5346,27.9914
"Dang","pm25",15.4,"2019-07-21 09:00:31","2019-07-21 14:45:31","µg/m3",82.5346,27.9914
"Dang","pm25",15.7,"2019-07-21 09:10:49","2019-07-21 14:55:49","µg/m3",82.5346,27.9914
"Dang","pm25",17,"2019-07-21 09:19:36","2019-07-21 15:04:36","µg/m3",82.5346,27.9914
"Dang","pm25",20.1,"2019-07-21 09:40:50","2019-07-21 15:25:50","µg/m3",82.5346,27.9914
"Dang","pm25",19.1,"2019-07-21 09:49:35","2019-07-21 15:34:35","µg/m3",82.5346,27.9914
"Dang","pm25",17.4,"2019-07-21 10:00:33","2019-07-21 15:45:33","µg/m3",82.5346,27.9914
"Dang","pm25",15.8,"2019-07-21 10:10:54","2019-07-21 15:55:54","µg/m3",82.5346,27.9914
"Dang","pm25",13.5,"2019-07-21 10:20:24","2019-07-21 16:05:24","µg/m3",82.5346,27.9914
"Dang","pm25",13.1,"2019-07-21 10:28:40","2019-07-21 16:13:40","µg/m3",82.5346,27.9914
"Dang","pm25",14.8,"2019-07-21 10:40:20","2019-07-21 16:25:20","µg/m3",82.5346,27.9914
"Dang","pm25",13.8,"2019-07-21 10:50:41","2019-07-21 16:35:41","µg/m3",82.5346,27.9914
"Dang","pm25",15.4,"2019-07-21 10:58:25","2019-07-21 16:43:25","µg/m3",82.5346,27.9914
"Dang","pm25",17,"2019-07-21 11:11:00","2019-07-21 16:56:00","µg/m3",82.5346,27.9914
"Dang","pm25",16.4,"2019-07-21 11:20:34","2019-07-21 17:05:34","µg/m3",82.5346,27.9914
"Dang","pm25",17.4,"2019-07-21 11:40:45","2019-07-21 17:25:45","µg/m3",82.5346,27.9914
"Dang","pm25",18.2,"2019-07-21 11:50:22","2019-07-21 17:35:22","µg/m3",82.5346,27.9914
"Dang","pm25",19.6,"2019-07-21 11:59:34","2019-07-21 17:44:34","µg/m3",82.5346,27.9914
"Dang","pm25",19.1,"2019-07-21 12:10:41","2019-07-21 17:55:41","µg/m3",82.5346,27.9914
"Dang","pm25",19.4,"2019-07-21 12:20:48","2019-07-21 18:05:48","µg/m3",82.5346,27.9914
"Dang","pm25",20.6,"2019-07-21 12:30:41","2019-07-21 18:15:41","µg/m3",82.5346,27.9914
"Dang","pm25",20,"2019-07-21 12:40:29","2019-07-21 18:25:29","µg/m3",82.5346,27.9914
"Dang","pm25",23.9,"2019-07-21 12:50:54","2019-07-21 18:35:54","µg/m3",82.5346,27.9914
"Dang","pm25",20.2,"2019-07-21 12:58:31","2019-07-21 18:43:31","µg/m3",82.5346,27.9914
"Dang","pm25",18.4,"2019-07-21 13:20:27","2019-07-21 19:05:27","µg/m3",82.5346,27.9914
"Dang","pm25",17.5,"2019-07-21 13:29:56","2019-07-21 19:14:56","µg/m3",82.5346,27.9914
"Dang","pm25",21.3,"2019-07-21 13:39:23","2019-07-21 19:24:23","µg/m3",82.5346,27.9914
"Dang","pm25",21.2,"2019-07-21 13:50:39","2019-07-21 19:35:39","µg/m3",82.5346,27.9914
"Dang","pm25",20.9,"2019-07-21 14:00:44","2019-07-21 19:45:44","µg/m3",82.5346,27.9914
"Dang","pm25",20.1,"2019-07-21 14:19:59","2019-07-21 20:04:59","µg/m3",82.5346,27.9914
"Dang","pm25",20.7,"2019-07-21 14:30:33","2019-07-21 20:15:33","µg/m3",82.5346,27.9914
"Dang","pm25",19.8,"2019-07-21 14:40:28","2019-07-21 20:25:28","µg/m3",82.5346,27.9914
"Dang","pm25",19.4,"2019-07-21 14:49:45","2019-07-21 20:34:45","µg/m3",82.5346,27.9914
"Dang","pm25",21.5,"2019-07-21 14:58:52","2019-07-21 20:43:52","µg/m3",82.5346,27.9914
"Dang","pm25",22.1,"2019-07-21 15:10:45","2019-07-21 20:55:45","µg/m3",82.5346,27.9914
"Dang","pm25",20.8,"2019-07-21 15:20:49","2019-07-21 21:05:49","µg/m3",82.5346,27.9914
"Dang","pm25",20.5,"2019-07-21 15:28:21","2019-07-21 21:13:21","µg/m3",82.5346,27.9914
"Dang","pm25",20.8,"2019-07-21 15:40:50","2019-07-21 21:25:50","µg/m3",82.5346,27.9914
"Dang","pm25",20,"2019-07-21 15:49:49","2019-07-21 21:34:49","µg/m3",82.5346,27.9914
"Dang","pm25",18.7,"2019-07-21 15:58:39","2019-07-21 21:43:39","µg/m3",82.5346,27.9914
"Dang","pm25",19.8,"2019-07-21 16:10:31","2019-07-21 21:55:31","µg/m3",82.5346,27.9914
"Dang","pm25",19.6,"2019-07-21 16:20:29","2019-07-21 22:05:29","µg/m3",82.5346,27.9914
"Dang","pm25",19.2,"2019-07-21 16:28:28","2019-07-21 22:13:28","µg/m3",82.5346,27.9914
"Dang","pm25",18.9,"2019-07-21 16:40:23","2019-07-21 22:25:23","µg/m3",82.5346,27.9914
"Dang","pm25",19.9,"2019-07-21 16:51:00","2019-07-21 22:36:00","µg/m3",82.5346,27.9914
"Dang","pm25",21.5,"2019-07-21 16:58:37","2019-07-21 22:43:37","µg/m3",82.5346,27.9914
"Dang","pm25",19.1,"2019-07-21 17:10:33","2019-07-21 22:55:33","µg/m3",82.5346,27.9914
"Dang","pm25",18.8,"2019-07-21 17:20:28","2019-07-21 23:05:28","µg/m3",82.5346,27.9914
"Dang","pm25",17.9,"2019-07-21 17:28:24","2019-07-21 23:13:24","µg/m3",82.5346,27.9914
"Dang","pm25",17.4,"2019-07-21 17:40:32","2019-07-21 23:25:32","µg/m3",82.5346,27.9914
"Dang","pm25",18.7,"2019-07-21 17:58:33","2019-07-21 23:43:33","µg/m3",82.5346,27.9914
"Dang","pm25",17,"2019-07-21 18:10:46","2019-07-21 23:55:46","µg/m3",82.5346,27.9914
"Dang","pm25",18.8,"2019-07-21 18:19:31","2019-07-22 00:04:31","µg/m3",82.5346,27.9914
"Dang","pm25",16.6,"2019-07-21 18:30:56","2019-07-22 00:15:56","µg/m3",82.5346,27.9914
"Dang","pm25",16.9,"2019-07-21 18:40:59","2019-07-22 00:25:59","µg/m3",82.5346,27.9914
"Dang","pm25",17.4,"2019-07-21 18:49:55","2019-07-22 00:34:55","µg/m3",82.5346,27.9914
"Dang","pm25",17.8,"2019-07-21 18:58:44","2019-07-22 00:43:44","µg/m3",82.5346,27.9914
"Dang","pm25",17.5,"2019-07-21 19:10:27","2019-07-22 00:55:27","µg/m3",82.5346,27.9914
"Dang","pm25",17.3,"2019-07-21 19:20:27","2019-07-22 01:05:27","µg/m3",82.5346,27.9914
"Dang","pm25",18.8,"2019-07-21 19:30:34","2019-07-22 01:15:34","µg/m3",82.5346,27.9914
"Dang","pm25",17.9,"2019-07-21 19:40:33","2019-07-22 01:25:33","µg/m3",82.5346,27.9914
"Dang","pm25",18.8,"2019-07-21 19:50:54","2019-07-22 01:35:54","µg/m3",82.5346,27.9914
"Dang","pm25",18.7,"2019-07-21 19:58:26","2019-07-22 01:43:26","µg/m3",82.5346,27.9914
"Dang","pm25",19.8,"2019-07-21 20:10:49","2019-07-22 01:55:49","µg/m3",82.5346,27.9914
"Dang","pm25",19.4,"2019-07-21 20:19:44","2019-07-22 02:04:44","µg/m3",82.5346,27.9914
"Dang","pm25",19.7,"2019-07-21 20:30:48","2019-07-22 02:15:48","µg/m3",82.5346,27.9914
"Dang","pm25",21.3,"2019-07-21 20:38:55","2019-07-22 02:23:55","µg/m3",82.5346,27.9914
"Dang","pm25",19.8,"2019-07-21 20:49:49","2019-07-22 02:34:49","µg/m3",82.5346,27.9914
"Dang","pm25",20.3,"2019-07-21 21:00:47","2019-07-22 02:45:47","µg/m3",82.5346,27.9914
"Dang","pm25",20.4,"2019-07-21 21:19:32","2019-07-22 03:04:32","µg/m3",82.5346,27.9914
"Dang","pm25",19.8,"2019-07-21 21:40:41","2019-07-22 03:25:41","µg/m3",82.5346,27.9914
"Dang","pm25",19.2,"2019-07-21 22:00:26","2019-07-22 03:45:26","µg/m3",82.5346,27.9914
"Dang","pm25",19.7,"2019-07-21 22:10:31","2019-07-22 03:55:31","µg/m3",82.5346,27.9914
"Dang","pm25",18,"2019-07-21 22:19:48","2019-07-22 04:04:48","µg/m3",82.5346,27.9914
"Dang","pm25",18.7,"2019-07-21 22:30:22","2019-07-22 04:15:22","µg/m3",82.5346,27.9914
"Dang","pm25",19,"2019-07-21 22:40:37","2019-07-22 04:25:37","µg/m3",82.5346,27.9914
"Dang","pm25",19.8,"2019-07-21 22:49:51","2019-07-22 04:34:51","µg/m3",82.5346,27.9914
"Dang","pm25",20,"2019-07-21 23:00:34","2019-07-22 04:45:34","µg/m3",82.5346,27.9914
"Dang","pm25",20.3,"2019-07-21 23:10:59","2019-07-22 04:55:59","µg/m3",82.5346,27.9914
"Dang","pm25",19.1,"2019-07-21 23:19:45","2019-07-22 05:04:45","µg/m3",82.5346,27.9914
"Dang","pm25",19.8,"2019-07-21 23:30:26","2019-07-22 05:15:26","µg/m3",82.5346,27.9914
"Dang","pm25",20,"2019-07-21 23:40:49","2019-07-22 05:25:49","µg/m3",82.5346,27.9914
"Dang","pm25",22.7,"2019-07-21 23:50:48","2019-07-22 05:35:48","µg/m3",82.5346,27.9914
"Dang","pm25",28.6,"2019-07-22 00:19:51","2019-07-22 06:04:51","µg/m3",82.5346,27.9914
"Dang","pm25",32.6,"2019-07-22 00:30:47","2019-07-22 06:15:47","µg/m3",82.5346,27.9914
"Dang","pm25",37.7,"2019-07-22 00:40:59","2019-07-22 06:25:59","µg/m3",82.5346,27.9914
"Dang","pm25",24.5,"2019-07-22 00:49:51","2019-07-22 06:34:51","µg/m3",82.5346,27.9914
"Dang","pm25",25,"2019-07-22 01:00:57","2019-07-22 06:45:57","µg/m3",82.5346,27.9914
"Dang","pm25",24,"2019-07-22 01:10:32","2019-07-22 06:55:32","µg/m3",82.5346,27.9914
"Dang","pm25",25.9,"2019-07-22 01:18:44","2019-07-22 07:03:44","µg/m3",82.5346,27.9914
"Dang","pm25",28.9,"2019-07-22 01:40:24","2019-07-22 07:25:24","µg/m3",82.5346,27.9914
"Dang","pm25",28.7,"2019-07-22 01:48:37","2019-07-22 07:33:37","µg/m3",82.5346,27.9914
"Dang","pm25",22.9,"2019-07-22 02:00:23","2019-07-22 07:45:23","µg/m3",82.5346,27.9914
"Dang","pm25",22.7,"2019-07-22 02:10:26","2019-07-22 07:55:26","µg/m3",82.5346,27.9914
"Dang","pm25",28,"2019-07-22 02:18:50","2019-07-22 08:03:50","µg/m3",82.5346,27.9914
"Dang","pm25",27.6,"2019-07-22 02:30:33","2019-07-22 08:15:33","µg/m3",82.5346,27.9914
"Dang","pm25",25.8,"2019-07-22 02:40:44","2019-07-22 08:25:44","µg/m3",82.5346,27.9914
"Dang","pm25",24.6,"2019-07-22 02:48:42","2019-07-22 08:33:42","µg/m3",82.5346,27.9914
"Dang","pm25",22.1,"2019-07-22 03:00:49","2019-07-22 08:45:49","µg/m3",82.5346,27.9914
"Dang","pm25",21.6,"2019-07-22 03:10:36","2019-07-22 08:55:36","µg/m3",82.5346,27.9914
"Dang","pm25",22.3,"2019-07-22 03:18:50","2019-07-22 09:03:50","µg/m3",82.5346,27.9914
"Dang","pm25",23.1,"2019-07-22 03:30:55","2019-07-22 09:15:55","µg/m3",82.5346,27.9914
"Dang","pm25",20.4,"2019-07-22 03:40:46","2019-07-22 09:25:46","µg/m3",82.5346,27.9914
"Dang","pm25",19.5,"2019-07-22 03:48:24","2019-07-22 09:33:24","µg/m3",82.5346,27.9914
"Dang","pm25",19.2,"2019-07-22 03:58:38","2019-07-22 09:43:38","µg/m3",82.5346,27.9914
"Dang","pm25",14.2,"2019-07-22 06:19:37","2019-07-22 12:04:37","µg/m3",82.5346,27.9914
"Dang","pm25",13.7,"2019-07-22 06:30:48","2019-07-22 12:15:48","µg/m3",82.5346,27.9914
"Dang","pm25",14.3,"2019-07-22 06:40:56","2019-07-22 12:25:56","µg/m3",82.5346,27.9914
"Dang","pm25",14.6,"2019-07-22 06:50:34","2019-07-22 12:35:34","µg/m3",82.5346,27.9914
"Dang","pm25",16,"2019-07-22 07:00:32","2019-07-22 12:45:32","µg/m3",82.5346,27.9914
"Dang","pm25",15.6,"2019-07-22 07:10:58","2019-07-22 12:55:58","µg/m3",82.5346,27.9914
"Dang","pm25",15.9,"2019-07-22 07:19:23","2019-07-22 13:04:23","µg/m3",82.5346,27.9914
"Dang","pm25",15.5,"2019-07-22 07:30:38","2019-07-22 13:15:38","µg/m3",82.5346,27.9914
"Dang","pm25",14.2,"2019-07-22 07:40:41","2019-07-22 13:25:41","µg/m3",82.5346,27.9914
"Dang","pm25",15.3,"2019-07-22 07:49:50","2019-07-22 13:34:50","µg/m3",82.5346,27.9914
"Dang","pm25",16.4,"2019-07-22 07:58:34","2019-07-22 13:43:34","µg/m3",82.5346,27.9914
"Dang","pm25",16.1,"2019-07-22 08:08:35","2019-07-22 13:53:35","µg/m3",82.5346,27.9914
"Dang","pm25",16.3,"2019-07-22 08:19:31","2019-07-22 14:04:31","µg/m3",82.5346,27.9914
"Dang","pm25",16.9,"2019-07-22 08:30:50","2019-07-22 14:15:50","µg/m3",82.5346,27.9914
"Dang","pm25",16,"2019-07-22 08:40:53","2019-07-22 14:25:53","µg/m3",82.5346,27.9914
"Dang","pm25",16.3,"2019-07-22 08:49:55","2019-07-22 14:34:55","µg/m3",82.5346,27.9914
"Dang","pm25",16.8,"2019-07-22 09:00:22","2019-07-22 14:45:22","µg/m3",82.5346,27.9914
"Dang","pm25",18.5,"2019-07-22 09:10:48","2019-07-22 14:55:48","µg/m3",82.5346,27.9914
"Dang","pm25",18.6,"2019-07-22 09:20:58","2019-07-22 15:05:58","µg/m3",82.5346,27.9914
"Dang","pm25",17.7,"2019-07-22 09:28:54","2019-07-22 15:13:54","µg/m3",82.5346,27.9914
"Dang","pm25",17.3,"2019-07-22 09:40:47","2019-07-22 15:25:47","µg/m3",82.5346,27.9914
"Dang","pm25",16.6,"2019-07-22 09:50:48","2019-07-22 15:35:48","µg/m3",82.5346,27.9914
"Dang","pm25",17.1,"2019-07-22 10:00:46","2019-07-22 15:45:46","µg/m3",82.5346,27.9914
"Dang","pm25",12.5,"2019-07-22 10:10:57","2019-07-22 15:55:57","µg/m3",82.5346,27.9914
"Dang","pm25",10.7,"2019-07-22 10:20:42","2019-07-22 16:05:42","µg/m3",82.5346,27.9914
"Dang","pm25",8.4,"2019-07-22 10:28:26","2019-07-22 16:13:26","µg/m3",82.5346,27.9914
"Dang","pm25",7.9,"2019-07-22 10:40:57","2019-07-22 16:25:57","µg/m3",82.5346,27.9914
"Dang","pm25",23.7,"2019-07-22 10:50:30","2019-07-22 16:35:30","µg/m3",82.5346,27.9914
"Dang","pm25",7.1,"2019-07-22 10:58:29","2019-07-22 16:43:29","µg/m3",82.5346,27.9914
"Dang","pm25",12.4,"2019-07-22 11:10:34","2019-07-22 16:55:34","µg/m3",82.5346,27.9914
"Dang","pm25",6.8,"2019-07-22 11:19:23","2019-07-22 17:04:23","µg/m3",82.5346,27.9914
"Dang","pm25",11.8,"2019-07-22 11:28:31","2019-07-22 17:13:31","µg/m3",82.5346,27.9914
"Dang","pm25",13.7,"2019-07-22 11:39:52","2019-07-22 17:24:52","µg/m3",82.5346,27.9914
"Dang","pm25",11.7,"2019-07-22 11:50:56","2019-07-22 17:35:56","µg/m3",82.5346,27.9914
"Dang","pm25",12.2,"2019-07-22 12:00:20","2019-07-22 17:45:20","µg/m3",82.5346,27.9914
"Dang","pm25",12.4,"2019-07-22 12:08:25","2019-07-22 17:53:25","µg/m3",82.5346,27.9914
"Dang","pm25",16.3,"2019-07-22 12:20:57","2019-07-22 18:05:57","µg/m3",82.5346,27.9914
"Dang","pm25",19.9,"2019-07-22 12:30:59","2019-07-22 18:15:59","µg/m3",82.5346,27.9914
"Dang","pm25",17.1,"2019-07-22 12:38:45","2019-07-22 18:23:45","µg/m3",82.5346,27.9914
"Dang","pm25",20.8,"2019-07-22 12:50:22","2019-07-22 18:35:22","µg/m3",82.5346,27.9914
"Dang","pm25",20,"2019-07-22 13:00:44","2019-07-22 18:45:44","µg/m3",82.5346,27.9914
"Dang","pm25",18.9,"2019-07-22 13:10:26","2019-07-22 18:55:26","µg/m3",82.5346,27.9914
"Dang","pm25",16,"2019-07-22 13:18:58","2019-07-22 19:03:58","µg/m3",82.5346,27.9914
"Dang","pm25",18.1,"2019-07-22 13:30:47","2019-07-22 19:15:47","µg/m3",82.5346,27.9914
"Dang","pm25",13,"2019-07-22 13:38:40","2019-07-22 19:23:40","µg/m3",82.5346,27.9914
"Dang","pm25",12.3,"2019-07-22 13:48:22","2019-07-22 19:33:22","µg/m3",82.5346,27.9914
"Dang","pm25",15.5,"2019-07-22 13:51:36","2019-07-22 19:36:36","µg/m3",82.5346,27.9914
"Dang","pm25",13.2,"2019-07-22 14:10:57","2019-07-22 19:55:57","µg/m3",82.5346,27.9914
"Dang","pm25",12.6,"2019-07-22 14:28:37","2019-07-22 20:13:37","µg/m3",82.5346,27.9914
"Dang","pm25",14.1,"2019-07-22 14:40:38","2019-07-22 20:25:38","µg/m3",82.5346,27.9914
"Dang","pm25",14.3,"2019-07-22 14:50:37","2019-07-22 20:35:37","µg/m3",82.5346,27.9914
"Dang","pm25",15.5,"2019-07-22 14:58:34","2019-07-22 20:43:34","µg/m3",82.5346,27.9914
"Dang","pm25",15.8,"2019-07-22 15:08:24","2019-07-22 20:53:24","µg/m3",82.5346,27.9914
"Dang","pm25",16.1,"2019-07-22 15:17:29","2019-07-22 21:02:29","µg/m3",82.5346,27.9914
"Dang","pm25",17.5,"2019-07-22 15:28:21","2019-07-22 21:13:21","µg/m3",82.5346,27.9914
"Dang","pm25",18,"2019-07-22 15:40:40","2019-07-22 21:25:40","µg/m3",82.5346,27.9914
"Dang","pm25",23.4,"2019-07-22 15:50:52","2019-07-22 21:35:52","µg/m3",82.5346,27.9914
"Dang","pm25",17.5,"2019-07-22 15:58:33","2019-07-22 21:43:33","µg/m3",82.5346,27.9914
"Dang","pm25",17.9,"2019-07-22 16:10:29","2019-07-22 21:55:29","µg/m3",82.5346,27.9914
"Dang","pm25",18.2,"2019-07-22 16:16:48","2019-07-22 22:01:48","µg/m3",82.5346,27.9914
"Dang","pm25",19.8,"2019-07-22 16:30:51","2019-07-22 22:15:51","µg/m3",82.5346,27.9914
"Dang","pm25",17.9,"2019-07-22 16:40:27","2019-07-22 22:25:27","µg/m3",82.5346,27.9914
"Dang","pm25",19.1,"2019-07-22 16:46:30","2019-07-22 22:31:30","µg/m3",82.5346,27.9914
"Dang","pm25",19.7,"2019-07-22 16:58:37","2019-07-22 22:43:37","µg/m3",82.5346,27.9914
"Dang","pm25",19.9,"2019-07-22 17:09:23","2019-07-22 22:54:23","µg/m3",82.5346,27.9914
"Dang","pm25",20.7,"2019-07-22 17:30:41","2019-07-22 23:15:41","µg/m3",82.5346,27.9914
"Dang","pm25",20.6,"2019-07-22 17:39:35","2019-07-22 23:24:35","µg/m3",82.5346,27.9914
"Dang","pm25",19.9,"2019-07-22 17:50:49","2019-07-22 23:35:49","µg/m3",82.5346,27.9914
"Dang","pm25",20.9,"2019-07-22 17:58:23","2019-07-22 23:43:23","µg/m3",82.5346,27.9914
"Dang","pm25",20.4,"2019-07-22 18:10:45","2019-07-22 23:55:45","µg/m3",82.5346,27.9914
"Dang","pm25",21.6,"2019-07-22 18:15:25","2019-07-23 00:00:25","µg/m3",82.5346,27.9914
"Dang","pm25",20,"2019-07-22 18:31:00","2019-07-23 00:16:00","µg/m3",82.5346,27.9914
"Dang","pm25",21.1,"2019-07-22 18:37:43","2019-07-23 00:22:43","µg/m3",82.5346,27.9914
"Dang","pm25",21.7,"2019-07-22 19:00:42","2019-07-23 00:45:42","µg/m3",82.5346,27.9914
"Dang","pm25",21.9,"2019-07-22 19:08:33","2019-07-23 00:53:33","µg/m3",82.5346,27.9914
"Dang","pm25",21.1,"2019-07-22 19:20:47","2019-07-23 01:05:47","µg/m3",82.5346,27.9914
"Dang","pm25",20.4,"2019-07-22 19:29:56","2019-07-23 01:14:56","µg/m3",82.5346,27.9914
"Dang","pm25",21.6,"2019-07-22 19:39:49","2019-07-23 01:24:49","µg/m3",82.5346,27.9914
"Dang","pm25",21.9,"2019-07-22 19:49:22","2019-07-23 01:34:22","µg/m3",82.5346,27.9914
"Dang","pm25",21.1,"2019-07-22 20:00:49","2019-07-23 01:45:49","µg/m3",82.5346,27.9914
"Dang","pm25",20.8,"2019-07-22 20:08:53","2019-07-23 01:53:53","µg/m3",82.5346,27.9914
"Dang","pm25",22.2,"2019-07-22 20:20:21","2019-07-23 02:05:21","µg/m3",82.5346,27.9914
"Dang","pm25",21.2,"2019-07-22 20:27:36","2019-07-23 02:12:36","µg/m3",82.5346,27.9914
"Dang","pm25",21.4,"2019-07-22 20:36:26","2019-07-23 02:21:26","µg/m3",82.5346,27.9914
"Dang","pm25",21.2,"2019-07-22 20:50:49","2019-07-23 02:35:49","µg/m3",82.5346,27.9914
"Dang","pm25",22.1,"2019-07-22 20:59:47","2019-07-23 02:44:47","µg/m3",82.5346,27.9914
"Dang","pm25",22.4,"2019-07-22 21:10:46","2019-07-23 02:55:46","µg/m3",82.5346,27.9914
"Dang","pm25",22.1,"2019-07-22 21:20:34","2019-07-23 03:05:34","µg/m3",82.5346,27.9914
"Dang","pm25",20.9,"2019-07-22 21:29:27","2019-07-23 03:14:27","µg/m3",82.5346,27.9914
"Dang","pm25",21.2,"2019-07-22 21:38:33","2019-07-23 03:23:33","µg/m3",82.5346,27.9914
"Dang","pm25",21.7,"2019-07-22 22:00:49","2019-07-23 03:45:49","µg/m3",82.5346,27.9914
"Dang","pm25",20.9,"2019-07-22 22:09:35","2019-07-23 03:54:35","µg/m3",82.5346,27.9914
"Dang","pm25",21.7,"2019-07-22 22:20:54","2019-07-23 04:05:54","µg/m3",82.5346,27.9914
"Dang","pm25",20.1,"2019-07-22 22:28:27","2019-07-23 04:13:27","µg/m3",82.5346,27.9914
"Dang","pm25",18.9,"2019-07-22 22:39:52","2019-07-23 04:24:52","µg/m3",82.5346,27.9914
"Dang","pm25",21.5,"2019-07-22 22:50:49","2019-07-23 04:35:49","µg/m3",82.5346,27.9914
"Dang","pm25",21.1,"2019-07-22 22:59:21","2019-07-23 04:44:21","µg/m3",82.5346,27.9914
"Dang","pm25",23.7,"2019-07-22 23:10:53","2019-07-23 04:55:53","µg/m3",82.5346,27.9914
"Dang","pm25",21.9,"2019-07-22 23:30:43","2019-07-23 05:15:43","µg/m3",82.5346,27.9914
"Dang","pm25",25.1,"2019-07-22 23:40:56","2019-07-23 05:25:56","µg/m3",82.5346,27.9914
"Dang","pm25",23.7,"2019-07-22 23:49:27","2019-07-23 05:34:27","µg/m3",82.5346,27.9914
"Dang","pm25",19.1,"2019-07-23 00:10:49","2019-07-23 05:55:49","µg/m3",82.5346,27.9914
"Dang","pm25",24.4,"2019-07-23 00:19:37","2019-07-23 06:04:37","µg/m3",82.5346,27.9914
"Dang","pm25",25.7,"2019-07-23 00:30:57","2019-07-23 06:15:57","µg/m3",82.5346,27.9914
"Dang","pm25",25.4,"2019-07-23 00:40:57","2019-07-23 06:25:57","µg/m3",82.5346,27.9914
"Dang","pm25",30.1,"2019-07-23 00:49:41","2019-07-23 06:34:41","µg/m3",82.5346,27.9914
"Dang","pm25",27,"2019-07-23 01:00:40","2019-07-23 06:45:40","µg/m3",82.5346,27.9914
"Dang","pm25",29.1,"2019-07-23 01:10:56","2019-07-23 06:55:56","µg/m3",82.5346,27.9914
"Dang","pm25",26.4,"2019-07-23 01:20:51","2019-07-23 07:05:51","µg/m3",82.5346,27.9914
"Dang","pm25",24,"2019-07-23 01:28:37","2019-07-23 07:13:37","µg/m3",82.5346,27.9914
"Dang","pm25",17.2,"2019-07-23 01:40:23","2019-07-23 07:25:23","µg/m3",82.5346,27.9914
"Dang","pm25",14.2,"2019-07-23 01:50:30","2019-07-23 07:35:30","µg/m3",82.5346,27.9914
"Dang","pm25",14.3,"2019-07-23 01:58:37","2019-07-23 07:43:37","µg/m3",82.5346,27.9914
"Dang","pm25",13.7,"2019-07-23 02:10:42","2019-07-23 07:55:42","µg/m3",82.5346,27.9914
"Dang","pm25",13.1,"2019-07-23 02:20:24","2019-07-23 08:05:24","µg/m3",82.5346,27.9914
"Dang","pm25",15.4,"2019-07-23 02:30:50","2019-07-23 08:15:50","µg/m3",82.5346,27.9914
"Dang","pm25",16.4,"2019-07-23 02:36:47","2019-07-23 08:21:47","µg/m3",82.5346,27.9914
"Dang","pm25",16.9,"2019-07-23 02:50:55","2019-07-23 08:35:55","µg/m3",82.5346,27.9914
"Dang","pm25",16.8,"2019-07-23 02:56:22","2019-07-23 08:41:22","µg/m3",82.5346,27.9914
"Dang","pm25",19.5,"2019-07-23 03:01:46","2019-07-23 08:46:46","µg/m3",82.5346,27.9914
"Dang","pm25",16.8,"2019-07-23 03:16:49","2019-07-23 09:01:49","µg/m3",82.5346,27.9914
"Dang","pm25",18.9,"2019-07-23 03:28:23","2019-07-23 09:13:23","µg/m3",82.5346,27.9914
"Dang","pm25",19.9,"2019-07-23 03:40:45","2019-07-23 09:25:45","µg/m3",82.5346,27.9914
"Dang","pm25",17.9,"2019-07-23 03:50:31","2019-07-23 09:35:31","µg/m3",82.5346,27.9914
"Dang","pm25",20.7,"2019-07-23 03:59:52","2019-07-23 09:44:52","µg/m3",82.5346,27.9914
"Dang","pm25",19.7,"2019-07-23 04:07:25","2019-07-23 09:52:25","µg/m3",82.5346,27.9914
"Dang","pm25",20.3,"2019-07-23 04:20:59","2019-07-23 10:05:59","µg/m3",82.5346,27.9914
"Dang","pm25",19.5,"2019-07-23 04:29:29","2019-07-23 10:14:29","µg/m3",82.5346,27.9914
"Dang","pm25",19.2,"2019-07-23 04:39:50","2019-07-23 10:24:50","µg/m3",82.5346,27.9914
"Dang","pm25",20.6,"2019-07-23 04:48:58","2019-07-23 10:33:58","µg/m3",82.5346,27.9914
"Dang","pm25",18.7,"2019-07-23 05:00:46","2019-07-23 10:45:46","µg/m3",82.5346,27.9914
"Dang","pm25",17.7,"2019-07-23 05:10:23","2019-07-23 10:55:23","µg/m3",82.5346,27.9914
"Dang","pm25",19.5,"2019-07-23 05:18:59","2019-07-23 11:03:59","µg/m3",82.5346,27.9914
"Dang","pm25",14.8,"2019-07-23 05:30:43","2019-07-23 11:15:43","µg/m3",82.5346,27.9914
"Dang","pm25",16.2,"2019-07-23 05:40:59","2019-07-23 11:25:59","µg/m3",82.5346,27.9914
"Dang","pm25",15.7,"2019-07-23 05:48:52","2019-07-23 11:33:52","µg/m3",82.5346,27.9914
"Dang","pm25",14.9,"2019-07-23 06:00:21","2019-07-23 11:45:21","µg/m3",82.5346,27.9914
"Dang","pm25",14.4,"2019-07-23 06:08:55","2019-07-23 11:53:55","µg/m3",82.5346,27.9914
"Dang","pm25",15.3,"2019-07-23 06:20:48","2019-07-23 12:05:48","µg/m3",82.5346,27.9914
"Dang","pm25",14.6,"2019-07-23 06:36:55","2019-07-23 12:21:55","µg/m3",82.5346,27.9914
"Dang","pm25",14.5,"2019-07-23 06:48:29","2019-07-23 12:33:29","µg/m3",82.5346,27.9914
"Dang","pm25",14.6,"2019-07-23 07:00:57","2019-07-23 12:45:57","µg/m3",82.5346,27.9914
"Dang","pm25",14.3,"2019-07-23 07:10:53","2019-07-23 12:55:53","µg/m3",82.5346,27.9914
"Dang","pm25",14.8,"2019-07-23 07:18:31","2019-07-23 13:03:31","µg/m3",82.5346,27.9914
"Dang","pm25",14.7,"2019-07-23 07:30:44","2019-07-23 13:15:44","µg/m3",82.5346,27.9914
"Dang","pm25",14.4,"2019-07-23 07:40:36","2019-07-23 13:25:36","µg/m3",82.5346,27.9914
"Dang","pm25",13.6,"2019-07-23 07:48:57","2019-07-23 13:33:57","µg/m3",82.5346,27.9914
"Dang","pm25",14,"2019-07-23 08:00:42","2019-07-23 13:45:42","µg/m3",82.5346,27.9914
"Dang","pm25",14.8,"2019-07-23 08:07:21","2019-07-23 13:52:21","µg/m3",82.5346,27.9914
"Dang","pm25",15.3,"2019-07-23 08:18:39","2019-07-23 14:03:39","µg/m3",82.5346,27.9914
"Dang","pm25",20.2,"2019-07-23 08:30:40","2019-07-23 14:15:40","µg/m3",82.5346,27.9914
"Dang","pm25",20.7,"2019-07-23 08:40:52","2019-07-23 14:25:52","µg/m3",82.5346,27.9914
"Dang","pm25",23,"2019-07-23 08:48:39","2019-07-23 14:33:39","µg/m3",82.5346,27.9914
"Dang","pm25",22.1,"2019-07-23 09:00:22","2019-07-23 14:45:22","µg/m3",82.5346,27.9914
"Dang","pm25",23.7,"2019-07-23 09:10:55","2019-07-23 14:55:55","µg/m3",82.5346,27.9914
"Dang","pm25",22.2,"2019-07-23 09:18:28","2019-07-23 15:03:28","µg/m3",82.5346,27.9914
"Dang","pm25",23.4,"2019-07-23 09:30:45","2019-07-23 15:15:45","µg/m3",82.5346,27.9914
"Dang","pm25",22.1,"2019-07-23 09:40:32","2019-07-23 15:25:32","µg/m3",82.5346,27.9914
"Dang","pm25",23.7,"2019-07-23 09:48:40","2019-07-23 15:33:40","µg/m3",82.5346,27.9914
"Dang","pm25",21.6,"2019-07-23 10:00:28","2019-07-23 15:45:28","µg/m3",82.5346,27.9914
"Dang","pm25",19.5,"2019-07-23 10:09:47","2019-07-23 15:54:47","µg/m3",82.5346,27.9914
"Dang","pm25",19.1,"2019-07-23 10:20:51","2019-07-23 16:05:51","µg/m3",82.5346,27.9914
"Dang","pm25",20.5,"2019-07-23 10:30:23","2019-07-23 16:15:23","µg/m3",82.5346,27.9914
"Dang","pm25",19.2,"2019-07-23 10:39:32","2019-07-23 16:24:32","µg/m3",82.5346,27.9914
"Dang","pm25",19.1,"2019-07-23 10:50:54","2019-07-23 16:35:54","µg/m3",82.5346,27.9914
"Dang","pm25",20.1,"2019-07-23 11:00:24","2019-07-23 16:45:24","µg/m3",82.5346,27.9914
"Dang","pm25",20.4,"2019-07-23 11:09:39","2019-07-23 16:54:39","µg/m3",82.5346,27.9914
"Dang","pm25",21.9,"2019-07-23 11:20:37","2019-07-23 17:05:37","µg/m3",82.5346,27.9914
"Dang","pm25",21.1,"2019-07-23 11:30:31","2019-07-23 17:15:31","µg/m3",82.5346,27.9914
"Dang","pm25",22.1,"2019-07-23 11:39:56","2019-07-23 17:24:56","µg/m3",82.5346,27.9914
"Dang","pm25",21.4,"2019-07-23 11:50:21","2019-07-23 17:35:21","µg/m3",82.5346,27.9914
"Dang","pm25",21.1,"2019-07-23 12:00:23","2019-07-23 17:45:23","µg/m3",82.5346,27.9914
"Dang","pm25",23.6,"2019-07-23 12:09:42","2019-07-23 17:54:42","µg/m3",82.5346,27.9914
"Dang","pm25",23.8,"2019-07-23 12:20:31","2019-07-23 18:05:31","µg/m3",82.5346,27.9914
"Dang","pm25",23.2,"2019-07-23 12:30:58","2019-07-23 18:15:58","µg/m3",82.5346,27.9914
"Dang","pm25",20.6,"2019-07-23 12:40:58","2019-07-23 18:25:58","µg/m3",82.5346,27.9914
"Dang","pm25",20.7,"2019-07-23 12:48:42","2019-07-23 18:33:42","µg/m3",82.5346,27.9914
"Dang","pm25",22.8,"2019-07-23 13:00:57","2019-07-23 18:45:57","µg/m3",82.5346,27.9914
"Dang","pm25",23.7,"2019-07-23 13:10:33","2019-07-23 18:55:33","µg/m3",82.5346,27.9914
"Dang","pm25",19.5,"2019-07-23 13:20:52","2019-07-23 19:05:52","µg/m3",82.5346,27.9914
"Dang","pm25",19.2,"2019-07-23 13:30:25","2019-07-23 19:15:25","µg/m3",82.5346,27.9914
"Dang","pm25",21.9,"2019-07-23 13:39:33","2019-07-23 19:24:33","µg/m3",82.5346,27.9914
"Dang","pm25",20.7,"2019-07-23 13:50:56","2019-07-23 19:35:56","µg/m3",82.5346,27.9914
"Dang","pm25",23.7,"2019-07-23 14:00:46","2019-07-23 19:45:46","µg/m3",82.5346,27.9914
"Dang","pm25",28.2,"2019-07-23 14:08:59","2019-07-23 19:53:59","µg/m3",82.5346,27.9914
"Dang","pm25",30.2,"2019-07-23 14:20:44","2019-07-23 20:05:44","µg/m3",82.5346,27.9914
"Dang","pm25",27.7,"2019-07-23 14:29:52","2019-07-23 20:14:52","µg/m3",82.5346,27.9914
"Dang","pm25",32,"2019-07-23 14:40:46","2019-07-23 20:25:46","µg/m3",82.5346,27.9914
"Dang","pm25",19.5,"2019-07-23 14:50:53","2019-07-23 20:35:53","µg/m3",82.5346,27.9914
"Dang","pm25",20.1,"2019-07-23 15:00:20","2019-07-23 20:45:20","µg/m3",82.5346,27.9914
"Dang","pm25",21.8,"2019-07-23 15:20:37","2019-07-23 21:05:37","µg/m3",82.5346,27.9914
"Dang","pm25",22.1,"2019-07-23 15:38:48","2019-07-23 21:23:48","µg/m3",82.5346,27.9914
"Dang","pm25",23.8,"2019-07-23 15:48:35","2019-07-23 21:33:35","µg/m3",82.5346,27.9914
"Dang","pm25",24.5,"2019-07-23 16:00:22","2019-07-23 21:45:22","µg/m3",82.5346,27.9914
"Dang","pm25",22.3,"2019-07-23 16:20:45","2019-07-23 22:05:45","µg/m3",82.5346,27.9914
"Dang","pm25",20.5,"2019-07-23 16:30:39","2019-07-23 22:15:39","µg/m3",82.5346,27.9914
"Dang","pm25",18.7,"2019-07-23 16:38:29","2019-07-23 22:23:29","µg/m3",82.5346,27.9914
"Dang","pm25",18.6,"2019-07-23 16:50:45","2019-07-23 22:35:45","µg/m3",82.5346,27.9914
"Dang","pm25",18.4,"2019-07-23 17:00:28","2019-07-23 22:45:28","µg/m3",82.5346,27.9914
"Dang","pm25",20.7,"2019-07-23 17:08:56","2019-07-23 22:53:56","µg/m3",82.5346,27.9914
"Dang","pm25",21,"2019-07-23 17:20:48","2019-07-23 23:05:48","µg/m3",82.5346,27.9914
"Dang","pm25",22.1,"2019-07-23 17:30:28","2019-07-23 23:15:28","µg/m3",82.5346,27.9914
"Dang","pm25",22.8,"2019-07-23 17:38:29","2019-07-23 23:23:29","µg/m3",82.5346,27.9914
"Dang","pm25",22,"2019-07-23 17:50:35","2019-07-23 23:35:35","µg/m3",82.5346,27.9914
"Dang","pm25",22.7,"2019-07-23 18:00:40","2019-07-23 23:45:40","µg/m3",82.5346,27.9914
"Dang","pm25",23.3,"2019-07-23 18:08:48","2019-07-23 23:53:48","µg/m3",82.5346,27.9914
"Dang","pm25",22.9,"2019-07-23 18:18:31","2019-07-24 00:03:31","µg/m3",82.5346,27.9914
"Dang","pm25",22.5,"2019-07-23 18:30:51","2019-07-24 00:15:51","µg/m3",82.5346,27.9914
"Dang","pm25",22.4,"2019-07-23 18:38:55","2019-07-24 00:23:55","µg/m3",82.5346,27.9914
"Dang","pm25",20.9,"2019-07-23 18:51:00","2019-07-24 00:36:00","µg/m3",82.5346,27.9914
"Dang","pm25",21.3,"2019-07-23 19:00:28","2019-07-24 00:45:28","µg/m3",82.5346,27.9914
"Dang","pm25",21.6,"2019-07-23 19:08:30","2019-07-24 00:53:30","µg/m3",82.5346,27.9914
"Dang","pm25",22.1,"2019-07-23 19:20:55","2019-07-24 01:05:55","µg/m3",82.5346,27.9914
"Dang","pm25",21.2,"2019-07-23 19:30:47","2019-07-24 01:15:47","µg/m3",82.5346,27.9914
"Dang","pm25",19.9,"2019-07-23 19:40:55","2019-07-24 01:25:55","µg/m3",82.5346,27.9914
"Dang","pm25",17.1,"2019-07-23 19:48:52","2019-07-24 01:33:52","µg/m3",82.5346,27.9914
"Dang","pm25",16.6,"2019-07-23 20:00:44","2019-07-24 01:45:44","µg/m3",82.5346,27.9914
"Dang","pm25",17,"2019-07-23 20:10:31","2019-07-24 01:55:31","µg/m3",82.5346,27.9914
"Dang","pm25",17.9,"2019-07-23 20:18:28","2019-07-24 02:03:28","µg/m3",82.5346,27.9914
"Dang","pm25",21.5,"2019-07-23 20:30:49","2019-07-24 02:15:49","µg/m3",82.5346,27.9914
"Dang","pm25",20,"2019-07-23 20:40:24","2019-07-24 02:25:24","µg/m3",82.5346,27.9914
"Dang","pm25",20.9,"2019-07-23 20:48:20","2019-07-24 02:33:20","µg/m3",82.5346,27.9914
"Dang","pm25",20.3,"2019-07-23 21:00:53","2019-07-24 02:45:53","µg/m3",82.5346,27.9914
"Dang","pm25",7.4,"2019-07-23 21:10:55","2019-07-24 02:55:55","µg/m3",82.5346,27.9914
"Dang","pm25",6.5,"2019-07-23 21:18:43","2019-07-24 03:03:43","µg/m3",82.5346,27.9914
"Dang","pm25",3.7,"2019-07-23 21:30:30","2019-07-24 03:15:30","µg/m3",82.5346,27.9914
"Dang","pm25",5.5,"2019-07-23 21:40:54","2019-07-24 03:25:54","µg/m3",82.5346,27.9914
"Dang","pm25",3.1,"2019-07-23 22:00:53","2019-07-24 03:45:53","µg/m3",82.5346,27.9914
"Dang","pm25",3.6,"2019-07-23 22:10:31","2019-07-24 03:55:31","µg/m3",82.5346,27.9914
"Dang","pm25",3.4,"2019-07-23 22:18:58","2019-07-24 04:03:58","µg/m3",82.5346,27.9914
"Dang","pm25",3.7,"2019-07-23 22:30:21","2019-07-24 04:15:21","µg/m3",82.5346,27.9914
"Dang","pm25",6.7,"2019-07-23 22:40:20","2019-07-24 04:25:20","µg/m3",82.5346,27.9914
"Dang","pm25",10.4,"2019-07-23 22:48:48","2019-07-24 04:33:48","µg/m3",82.5346,27.9914
"Dang","pm25",4.1,"2019-07-23 23:00:37","2019-07-24 04:45:37","µg/m3",82.5346,27.9914
"Dang","pm25",5.7,"2019-07-23 23:10:50","2019-07-24 04:55:50","µg/m3",82.5346,27.9914
"Dang","pm25",5.5,"2019-07-23 23:18:35","2019-07-24 05:03:35","µg/m3",82.5346,27.9914
"Dang","pm25",5.6,"2019-07-23 23:30:52","2019-07-24 05:15:52","µg/m3",82.5346,27.9914
"Dang","pm25",6.3,"2019-07-23 23:40:42","2019-07-24 05:25:42","µg/m3",82.5346,27.9914
"Dang","pm25",6.7,"2019-07-23 23:48:41","2019-07-24 05:33:41","µg/m3",82.5346,27.9914
"Dang","pm25",6.3,"2019-07-24 00:10:32","2019-07-24 05:55:32","µg/m3",82.5346,27.9914
"Dang","pm25",6.1,"2019-07-24 00:18:40","2019-07-24 06:03:40","µg/m3",82.5346,27.9914
"Dang","pm25",5.8,"2019-07-24 00:30:52","2019-07-24 06:15:52","µg/m3",82.5346,27.9914
"Dang","pm25",6.1,"2019-07-24 00:40:28","2019-07-24 06:25:28","µg/m3",82.5346,27.9914
"Dang","pm25",10.1,"2019-07-24 00:48:40","2019-07-24 06:33:40","µg/m3",82.5346,27.9914
"Dang","pm25",12.1,"2019-07-24 01:00:31","2019-07-24 06:45:31","µg/m3",82.5346,27.9914
"Dang","pm25",9.6,"2019-07-24 01:07:58","2019-07-24 06:52:58","µg/m3",82.5346,27.9914
"Dang","pm25",10.2,"2019-07-24 01:18:53","2019-07-24 07:03:53","µg/m3",82.5346,27.9914
"Dang","pm25",11.7,"2019-07-24 01:30:57","2019-07-24 07:15:57","µg/m3",82.5346,27.9914
"Dang","pm25",14.6,"2019-07-24 01:40:48","2019-07-24 07:25:48","µg/m3",82.5346,27.9914
"Dang","pm25",28.5,"2019-07-24 01:48:36","2019-07-24 07:33:36","µg/m3",82.5346,27.9914
"Dang","pm25",23.6,"2019-07-24 02:00:35","2019-07-24 07:45:35","µg/m3",82.5346,27.9914
"Dang","pm25",15.6,"2019-07-24 02:10:49","2019-07-24 07:55:49","µg/m3",82.5346,27.9914
"Dang","pm25",12.9,"2019-07-24 02:19:39","2019-07-24 08:04:39","µg/m3",82.5346,27.9914
"Dang","pm25",17.6,"2019-07-24 02:30:42","2019-07-24 08:15:42","µg/m3",82.5346,27.9914
"Dang","pm25",15.1,"2019-07-24 02:40:26","2019-07-24 08:25:26","µg/m3",82.5346,27.9914
"Dang","pm25",13.2,"2019-07-24 02:49:44","2019-07-24 08:34:44","µg/m3",82.5346,27.9914
"Dang","pm25",12.4,"2019-07-24 03:00:33","2019-07-24 08:45:33","µg/m3",82.5346,27.9914
"Dang","pm25",11.9,"2019-07-24 03:11:00","2019-07-24 08:56:00","µg/m3",82.5346,27.9914
"Dang","pm25",12.1,"2019-07-24 03:19:49","2019-07-24 09:04:49","µg/m3",82.5346,27.9914
"Dang","pm25",9.5,"2019-07-24 03:30:28","2019-07-24 09:15:28","µg/m3",82.5346,27.9914
"Dang","pm25",6.8,"2019-07-24 03:40:21","2019-07-24 09:25:21","µg/m3",82.5346,27.9914
"Dang","pm25",5.1,"2019-07-24 03:49:39","2019-07-24 09:34:39","µg/m3",82.5346,27.9914
"Dang","pm25",6.6,"2019-07-24 03:58:36","2019-07-24 09:43:36","µg/m3",82.5346,27.9914
"Dang","pm25",6,"2019-07-24 04:10:43","2019-07-24 09:55:43","µg/m3",82.5346,27.9914
"Dang","pm25",7.9,"2019-07-24 04:19:50","2019-07-24 10:04:50","µg/m3",82.5346,27.9914
"Dang","pm25",8.2,"2019-07-24 04:28:51","2019-07-24 10:13:51","µg/m3",82.5346,27.9914
"Dang","pm25",8.3,"2019-07-24 04:40:20","2019-07-24 10:25:20","µg/m3",82.5346,27.9914
"Dang","pm25",9.5,"2019-07-24 04:50:48","2019-07-24 10:35:48","µg/m3",82.5346,27.9914
"Dang","pm25",10.7,"2019-07-24 04:58:35","2019-07-24 10:43:35","µg/m3",82.5346,27.9914
"Dang","pm25",13.1,"2019-07-24 05:10:22","2019-07-24 10:55:22","µg/m3",82.5346,27.9914
"Dang","pm25",9.1,"2019-07-24 05:20:33","2019-07-24 11:05:33","µg/m3",82.5346,27.9914
"Dang","pm25",8.1,"2019-07-24 05:28:50","2019-07-24 11:13:50","µg/m3",82.5346,27.9914
"Dang","pm25",7.4,"2019-07-24 05:40:58","2019-07-24 11:25:58","µg/m3",82.5346,27.9914
"Dang","pm25",4.3,"2019-07-24 05:50:50","2019-07-24 11:35:50","µg/m3",82.5346,27.9914
"Dang","pm25",4.1,"2019-07-24 05:58:55","2019-07-24 11:43:55","µg/m3",82.5346,27.9914
"Dang","pm25",4,"2019-07-24 06:08:32","2019-07-24 11:53:32","µg/m3",82.5346,27.9914
"Dang","pm25",4.7,"2019-07-24 06:20:21","2019-07-24 12:05:21","µg/m3",82.5346,27.9914
"Dang","pm25",5.3,"2019-07-24 06:28:36","2019-07-24 12:13:36","µg/m3",82.5346,27.9914
"Dang","pm25",7.7,"2019-07-24 06:40:25","2019-07-24 12:25:25","µg/m3",82.5346,27.9914
"Dang","pm25",9.2,"2019-07-24 06:50:56","2019-07-24 12:35:56","µg/m3",82.5346,27.9914
"Dang","pm25",7.6,"2019-07-24 06:59:28","2019-07-24 12:44:28","µg/m3",82.5346,27.9914
"Dang","pm25",7.8,"2019-07-24 07:10:38","2019-07-24 12:55:38","µg/m3",82.5346,27.9914
"Dang","pm25",7.3,"2019-07-24 07:20:24","2019-07-24 13:05:24","µg/m3",82.5346,27.9914
"Dang","pm25",6.2,"2019-07-24 07:30:32","2019-07-24 13:15:32","µg/m3",82.5346,27.9914
"Dang","pm25",4.4,"2019-07-24 07:40:26","2019-07-24 13:25:26","µg/m3",82.5346,27.9914
"Dang","pm25",4.2,"2019-07-24 07:50:46","2019-07-24 13:35:46","µg/m3",82.5346,27.9914
"Dang","pm25",4,"2019-07-24 08:00:57","2019-07-24 13:45:57","µg/m3",82.5346,27.9914
"Dang","pm25",3.7,"2019-07-24 08:10:43","2019-07-24 13:55:43","µg/m3",82.5346,27.9914
"Dang","pm25",3.5,"2019-07-24 08:20:31","2019-07-24 14:05:31","µg/m3",82.5346,27.9914
"Dang","pm25",4.4,"2019-07-24 08:29:58","2019-07-24 14:14:58","µg/m3",82.5346,27.9914
"Dang","pm25",5.5,"2019-07-24 08:40:51","2019-07-24 14:25:51","µg/m3",82.5346,27.9914
"Dang","pm25",7.2,"2019-07-24 08:50:33","2019-07-24 14:35:33","µg/m3",82.5346,27.9914
"Dang","pm25",8.3,"2019-07-24 08:59:48","2019-07-24 14:44:48","µg/m3",82.5346,27.9914
"Dang","pm25",7.9,"2019-07-24 09:18:44","2019-07-24 15:03:44","µg/m3",82.5346,27.9914
"Dang","pm25",7.5,"2019-07-24 09:30:48","2019-07-24 15:15:48","µg/m3",82.5346,27.9914
"Dang","pm25",7.1,"2019-07-24 09:37:30","2019-07-24 15:22:30","µg/m3",82.5346,27.9914
"Dang","pm25",7.9,"2019-07-24 09:48:34","2019-07-24 15:33:34","µg/m3",82.5346,27.9914
"Dang","pm25",8.5,"2019-07-24 10:01:00","2019-07-24 15:46:00","µg/m3",82.5346,27.9914
"Dang","pm25",9.6,"2019-07-24 10:09:27","2019-07-24 15:54:27","µg/m3",82.5346,27.9914
"Dang","pm25",7.6,"2019-07-24 10:20:21","2019-07-24 16:05:21","µg/m3",82.5346,27.9914
"Dang","pm25",6.6,"2019-07-24 10:30:24","2019-07-24 16:15:24","µg/m3",82.5346,27.9914
"Dang","pm25",6.9,"2019-07-24 10:38:32","2019-07-24 16:23:32","µg/m3",82.5346,27.9914
"Dang","pm25",7.5,"2019-07-24 10:48:39","2019-07-24 16:33:39","µg/m3",82.5346,27.9914
"Dang","pm25",7,"2019-07-24 11:00:45","2019-07-24 16:45:45","µg/m3",82.5346,27.9914
"Dang","pm25",7.1,"2019-07-24 11:08:47","2019-07-24 16:53:47","µg/m3",82.5346,27.9914
"Dang","pm25",6.8,"2019-07-24 11:20:37","2019-07-24 17:05:37","µg/m3",82.5346,27.9914
"Dang","pm25",8,"2019-07-24 11:30:24","2019-07-24 17:15:24","µg/m3",82.5346,27.9914
"Dang","pm25",7,"2019-07-24 11:38:33","2019-07-24 17:23:33","µg/m3",82.5346,27.9914
"Dang","pm25",7.9,"2019-07-24 11:48:55","2019-07-24 17:33:55","µg/m3",82.5346,27.9914
"Dang","pm25",8.1,"2019-07-24 11:57:56","2019-07-24 17:42:56","µg/m3",82.5346,27.9914
"Dang","pm25",7.7,"2019-07-24 12:08:52","2019-07-24 17:53:52","µg/m3",82.5346,27.9914
"Dang","pm25",9.7,"2019-07-24 12:20:56","2019-07-24 18:05:56","µg/m3",82.5346,27.9914
"Dang","pm25",9,"2019-07-24 12:29:49","2019-07-24 18:14:49","µg/m3",82.5346,27.9914
"Dang","pm25",9.5,"2019-07-24 12:40:33","2019-07-24 18:25:33","µg/m3",82.5346,27.9914
"Dang","pm25",6.4,"2019-07-24 12:50:35","2019-07-24 18:35:35","µg/m3",82.5346,27.9914
"Dang","pm25",5.7,"2019-07-24 12:59:23","2019-07-24 18:44:23","µg/m3",82.5346,27.9914
"Dang","pm25",5.5,"2019-07-24 13:10:21","2019-07-24 18:55:21","µg/m3",82.5346,27.9914
"Dang","pm25",5.7,"2019-07-24 13:20:46","2019-07-24 19:05:46","µg/m3",82.5346,27.9914
"Dang","pm25",7.5,"2019-07-24 13:28:25","2019-07-24 19:13:25","µg/m3",82.5346,27.9914
"Dang","pm25",4.6,"2019-07-24 13:40:59","2019-07-24 19:25:59","µg/m3",82.5346,27.9914
"Dang","pm25",4.9,"2019-07-24 13:50:39","2019-07-24 19:35:39","µg/m3",82.5346,27.9914
"Dang","pm25",4.8,"2019-07-24 14:00:56","2019-07-24 19:45:56","µg/m3",82.5346,27.9914
"Dang","pm25",4.2,"2019-07-24 14:10:29","2019-07-24 19:55:29","µg/m3",82.5346,27.9914
"Dang","pm25",3.9,"2019-07-24 14:20:46","2019-07-24 20:05:46","µg/m3",82.5346,27.9914
"Dang","pm25",3.6,"2019-07-24 14:29:42","2019-07-24 20:14:42","µg/m3",82.5346,27.9914
"Dang","pm25",5.6,"2019-07-24 14:40:53","2019-07-24 20:25:53","µg/m3",82.5346,27.9914
"Dang","pm25",5.8,"2019-07-24 14:50:57","2019-07-24 20:35:57","µg/m3",82.5346,27.9914
"Dang","pm25",4.2,"2019-07-24 15:01:00","2019-07-24 20:46:00","µg/m3",82.5346,27.9914
"Dang","pm25",4.3,"2019-07-24 15:08:28","2019-07-24 20:53:28","µg/m3",82.5346,27.9914
"Dang","pm25",4.8,"2019-07-24 15:20:53","2019-07-24 21:05:53","µg/m3",82.5346,27.9914
"Dang","pm25",4.7,"2019-07-24 15:27:47","2019-07-24 21:12:47","µg/m3",82.5346,27.9914
"Dang","pm25",5,"2019-07-24 15:38:56","2019-07-24 21:23:56","µg/m3",82.5346,27.9914
"Dang","pm25",4.5,"2019-07-24 15:48:52","2019-07-24 21:33:52","µg/m3",82.5346,27.9914
"Dang","pm25",5.3,"2019-07-24 16:00:43","2019-07-24 21:45:43","µg/m3",82.5346,27.9914
"Dang","pm25",5.4,"2019-07-24 16:08:49","2019-07-24 21:53:49","µg/m3",82.5346,27.9914
"Dang","pm25",5.8,"2019-07-24 16:20:56","2019-07-24 22:05:56","µg/m3",82.5346,27.9914
"Dang","pm25",6.4,"2019-07-24 16:29:54","2019-07-24 22:14:54","µg/m3",82.5346,27.9914
"Dang","pm25",5.9,"2019-07-24 16:40:42","2019-07-24 22:25:42","µg/m3",82.5346,27.9914
"Dang","pm25",4.8,"2019-07-24 16:50:56","2019-07-24 22:35:56","µg/m3",82.5346,27.9914
"Dang","pm25",5,"2019-07-24 16:59:39","2019-07-24 22:44:39","µg/m3",82.5346,27.9914
"Dang","pm25",4.6,"2019-07-24 17:10:29","2019-07-24 22:55:29","µg/m3",82.5346,27.9914
"Dang","pm25",4.2,"2019-07-24 17:20:39","2019-07-24 23:05:39","µg/m3",82.5346,27.9914
"Dang","pm25",4.8,"2019-07-24 17:29:46","2019-07-24 23:14:46","µg/m3",82.5346,27.9914
"Dang","pm25",4.3,"2019-07-24 17:40:20","2019-07-24 23:25:20","µg/m3",82.5346,27.9914
"Dang","pm25",2.6,"2019-07-24 17:50:39","2019-07-24 23:35:39","µg/m3",82.5346,27.9914
"Dang","pm25",2.7,"2019-07-24 17:59:26","2019-07-24 23:44:26","µg/m3",82.5346,27.9914
"Dang","pm25",2.6,"2019-07-24 18:10:45","2019-07-24 23:55:45","µg/m3",82.5346,27.9914
"Dang","pm25",1.4,"2019-07-24 18:20:46","2019-07-25 00:05:46","µg/m3",82.5346,27.9914
"Dang","pm25",2.2,"2019-07-24 18:26:25","2019-07-25 00:11:25","µg/m3",82.5346,27.9914
"Dang","pm25",2.5,"2019-07-24 18:38:47","2019-07-25 00:23:47","µg/m3",82.5346,27.9914
"Dang","pm25",2,"2019-07-24 18:50:38","2019-07-25 00:35:38","µg/m3",82.5346,27.9914
"Dang","pm25",2.3,"2019-07-24 18:59:28","2019-07-25 00:44:28","µg/m3",82.5346,27.9914
"Dang","pm25",2,"2019-07-24 19:08:37","2019-07-25 00:53:37","µg/m3",82.5346,27.9914
"Dang","pm25",1.9,"2019-07-24 19:20:26","2019-07-25 01:05:26","µg/m3",82.5346,27.9914
"Dang","pm25",2.3,"2019-07-24 19:29:28","2019-07-25 01:14:28","µg/m3",82.5346,27.9914
"Dang","pm25",3,"2019-07-24 19:40:53","2019-07-25 01:25:53","µg/m3",82.5346,27.9914
"Dang","pm25",2.2,"2019-07-24 19:50:40","2019-07-25 01:35:40","µg/m3",82.5346,27.9914
"Dang","pm25",2.4,"2019-07-24 19:58:27","2019-07-25 01:43:27","µg/m3",82.5346,27.9914
"Dang","pm25",1.6,"2019-07-24 20:10:21","2019-07-25 01:55:21","µg/m3",82.5346,27.9914
"Dang","pm25",1.7,"2019-07-24 20:20:36","2019-07-25 02:05:36","µg/m3",82.5346,27.9914
"Dang","pm25",1.6,"2019-07-24 20:28:28","2019-07-25 02:13:28","µg/m3",82.5346,27.9914
"Dang","pm25",2.2,"2019-07-24 20:40:36","2019-07-25 02:25:36","µg/m3",82.5346,27.9914
"Dang","pm25",1.8,"2019-07-24 20:47:46","2019-07-25 02:32:46","µg/m3",82.5346,27.9914
"Dang","pm25",2,"2019-07-24 20:58:23","2019-07-25 02:43:23","µg/m3",82.5346,27.9914
"Dang","pm25",1.1,"2019-07-24 21:10:31","2019-07-25 02:55:31","µg/m3",82.5346,27.9914
"Dang","pm25",1.3,"2019-07-24 21:19:38","2019-07-25 03:04:38","µg/m3",82.5346,27.9914
"Dang","pm25",1.5,"2019-07-24 21:30:27","2019-07-25 03:15:27","µg/m3",82.5346,27.9914
"Dang","pm25",0.8,"2019-07-24 21:40:50","2019-07-25 03:25:50","µg/m3",82.5346,27.9914
"Dang","pm25",1.4,"2019-07-24 22:10:32","2019-07-25 03:55:32","µg/m3",82.5346,27.9914
"Dang","pm25",2.7,"2019-07-24 22:18:32","2019-07-25 04:03:32","µg/m3",82.5346,27.9914
"Dang","pm25",2.2,"2019-07-24 22:30:22","2019-07-25 04:15:22","µg/m3",82.5346,27.9914
"Dang","pm25",2,"2019-07-24 22:40:37","2019-07-25 04:25:37","µg/m3",82.5346,27.9914
"Dang","pm25",1.3,"2019-07-24 22:48:50","2019-07-25 04:33:50","µg/m3",82.5346,27.9914
"Dang","pm25",2.5,"2019-07-24 23:00:30","2019-07-25 04:45:30","µg/m3",82.5346,27.9914
"Dang","pm25",3.3,"2019-07-24 23:07:28","2019-07-25 04:52:28","µg/m3",82.5346,27.9914
"Dang","pm25",2.8,"2019-07-24 23:18:47","2019-07-25 05:03:47","µg/m3",82.5346,27.9914
"Dang","pm25",3.2,"2019-07-24 23:30:29","2019-07-25 05:15:29","µg/m3",82.5346,27.9914
"Dang","pm25",4.7,"2019-07-24 23:40:43","2019-07-25 05:25:43","µg/m3",82.5346,27.9914
"Dang","pm25",3.8,"2019-07-24 23:48:28","2019-07-25 05:33:28","µg/m3",82.5346,27.9914
"Dang","pm25",6.7,"2019-07-25 00:10:50","2019-07-25 05:55:50","µg/m3",82.5346,27.9914
"Dang","pm25",7.1,"2019-07-25 00:18:23","2019-07-25 06:03:23","µg/m3",82.5346,27.9914
"Dang","pm25",7.9,"2019-07-25 00:30:36","2019-07-25 06:15:36","µg/m3",82.5346,27.9914
"Dang","pm25",7.6,"2019-07-25 00:40:38","2019-07-25 06:25:38","µg/m3",82.5346,27.9914
"Dang","pm25",8.2,"2019-07-25 00:49:49","2019-07-25 06:34:49","µg/m3",82.5346,27.9914
"Dang","pm25",10,"2019-07-25 01:00:30","2019-07-25 06:45:30","µg/m3",82.5346,27.9914
"Dang","pm25",7,"2019-07-25 01:10:56","2019-07-25 06:55:56","µg/m3",82.5346,27.9914
"Dang","pm25",5.2,"2019-07-25 01:19:33","2019-07-25 07:04:33","µg/m3",82.5346,27.9914
"Dang","pm25",5.4,"2019-07-25 01:30:55","2019-07-25 07:15:55","µg/m3",82.5346,27.9914
"Dang","pm25",7.5,"2019-07-25 01:40:38","2019-07-25 07:25:38","µg/m3",82.5346,27.9914
"Dang","pm25",6.5,"2019-07-25 01:49:53","2019-07-25 07:34:53","µg/m3",82.5346,27.9914
"Dang","pm25",6.4,"2019-07-25 02:00:30","2019-07-25 07:45:30","µg/m3",82.5346,27.9914
"Dang","pm25",4.3,"2019-07-25 02:10:58","2019-07-25 07:55:58","µg/m3",82.5346,27.9914
"Dang","pm25",4.5,"2019-07-25 02:19:56","2019-07-25 08:04:56","µg/m3",82.5346,27.9914
"Dang","pm25",4.1,"2019-07-25 02:30:43","2019-07-25 08:15:43","µg/m3",82.5346,27.9914
"Dang","pm25",2.7,"2019-07-25 02:40:52","2019-07-25 08:25:52","µg/m3",82.5346,27.9914
"Dang","pm25",2.6,"2019-07-25 02:50:26","2019-07-25 08:35:26","µg/m3",82.5346,27.9914
"Dang","pm25",2.9,"2019-07-25 03:09:23","2019-07-25 08:54:23","µg/m3",82.5346,27.9914
"Dang","pm25",5.4,"2019-07-25 03:20:31","2019-07-25 09:05:31","µg/m3",82.5346,27.9914
"Dang","pm25",4.7,"2019-07-25 03:30:27","2019-07-25 09:15:27","µg/m3",82.5346,27.9914
"Dang","pm25",6.3,"2019-07-25 03:39:20","2019-07-25 09:24:20","µg/m3",82.5346,27.9914
"Dang","pm25",6.1,"2019-07-25 03:50:21","2019-07-25 09:35:21","µg/m3",82.5346,27.9914
"Dang","pm25",3.5,"2019-07-25 04:00:20","2019-07-25 09:45:20","µg/m3",82.5346,27.9914
"Dang","pm25",3,"2019-07-25 04:06:23","2019-07-25 09:51:23","µg/m3",82.5346,27.9914
"Dang","pm25",2.6,"2019-07-25 04:20:44","2019-07-25 10:05:44","µg/m3",82.5346,27.9914
"Dang","pm25",2.7,"2019-07-25 04:30:41","2019-07-25 10:15:41","µg/m3",82.5346,27.9914
"Dang","pm25",2.1,"2019-07-25 04:40:26","2019-07-25 10:25:26","µg/m3",82.5346,27.9914
"Dang","pm25",2.6,"2019-07-25 04:50:44","2019-07-25 10:35:44","µg/m3",82.5346,27.9914
"Dang","pm25",2.5,"2019-07-25 04:58:27","2019-07-25 10:43:27","µg/m3",82.5346,27.9914
"Dang","pm25",4.1,"2019-07-25 05:10:42","2019-07-25 10:55:42","µg/m3",82.5346,27.9914
"Dang","pm25",3.8,"2019-07-25 05:20:41","2019-07-25 11:05:41","µg/m3",82.5346,27.9914
"Dang","pm25",4.2,"2019-07-25 05:30:23","2019-07-25 11:15:23","µg/m3",82.5346,27.9914
"Dang","pm25",4.3,"2019-07-25 05:40:24","2019-07-25 11:25:24","µg/m3",82.5346,27.9914
"Dang","pm25",3.7,"2019-07-25 05:49:39","2019-07-25 11:34:39","µg/m3",82.5346,27.9914
"Dang","pm25",3.2,"2019-07-25 05:58:55","2019-07-25 11:43:55","µg/m3",82.5346,27.9914
"Dang","pm25",3.6,"2019-07-25 06:10:47","2019-07-25 11:55:47","µg/m3",82.5346,27.9914
"Dang","pm25",3.5,"2019-07-25 06:20:58","2019-07-25 12:05:58","µg/m3",82.5346,27.9914
"Dang","pm25",4.8,"2019-07-25 06:30:43","2019-07-25 12:15:43","µg/m3",82.5346,27.9914
"Dang","pm25",3.6,"2019-07-25 06:40:41","2019-07-25 12:25:41","µg/m3",82.5346,27.9914
"Dang","pm25",3.8,"2019-07-25 06:49:25","2019-07-25 12:34:25","µg/m3",82.5346,27.9914
"Dang","pm25",4.7,"2019-07-25 07:00:57","2019-07-25 12:45:57","µg/m3",82.5346,27.9914
"Dang","pm25",4.9,"2019-07-25 07:10:33","2019-07-25 12:55:33","µg/m3",82.5346,27.9914
"Dang","pm25",5,"2019-07-25 07:19:37","2019-07-25 13:04:37","µg/m3",82.5346,27.9914
"Dang","pm25",4,"2019-07-25 07:28:39","2019-07-25 13:13:39","µg/m3",82.5346,27.9914
"Dang","pm25",4.7,"2019-07-25 07:40:46","2019-07-25 13:25:46","µg/m3",82.5346,27.9914
"Dang","pm25",5.1,"2019-07-25 07:50:42","2019-07-25 13:35:42","µg/m3",82.5346,27.9914
"Dang","pm25",5.3,"2019-07-25 08:08:46","2019-07-25 13:53:46","µg/m3",82.5346,27.9914
"Dang","pm25",6.2,"2019-07-25 08:20:42","2019-07-25 14:05:42","µg/m3",82.5346,27.9914
"Dang","pm25",5.9,"2019-07-25 08:28:42","2019-07-25 14:13:42","µg/m3",82.5346,27.9914
"Dang","pm25",6.8,"2019-07-25 08:38:24","2019-07-25 14:23:24","µg/m3",82.5346,27.9914
"Dang","pm25",6.6,"2019-07-25 08:50:31","2019-07-25 14:35:31","µg/m3",82.5346,27.9914
"Dang","pm25",7.7,"2019-07-25 08:58:34","2019-07-25 14:43:34","µg/m3",82.5346,27.9914
"Dang","pm25",3.6,"2019-07-25 09:10:58","2019-07-25 14:55:58","µg/m3",82.5346,27.9914
"Dang","pm25",4.1,"2019-07-25 09:20:47","2019-07-25 15:05:47","µg/m3",82.5346,27.9914
"Dang","pm25",4.7,"2019-07-25 09:28:22","2019-07-25 15:13:22","µg/m3",82.5346,27.9914
"Dang","pm25",5.2,"2019-07-25 09:40:52","2019-07-25 15:25:52","µg/m3",82.5346,27.9914
"Dang","pm25",5.5,"2019-07-25 09:50:24","2019-07-25 15:35:24","µg/m3",82.5346,27.9914
"Dang","pm25",5.4,"2019-07-25 09:58:31","2019-07-25 15:43:31","µg/m3",82.5346,27.9914
"Dang","pm25",5.1,"2019-07-25 10:10:54","2019-07-25 15:55:54","µg/m3",82.5346,27.9914
"Dang","pm25",7.4,"2019-07-25 10:20:29","2019-07-25 16:05:29","µg/m3",82.5346,27.9914
"Dang","pm25",6.6,"2019-07-25 10:28:54","2019-07-25 16:13:54","µg/m3",82.5346,27.9914
"Dang","pm25",7.7,"2019-07-25 10:40:53","2019-07-25 16:25:53","µg/m3",82.5346,27.9914
"Dang","pm25",7.4,"2019-07-25 10:50:51","2019-07-25 16:35:51","µg/m3",82.5346,27.9914
"Dang","pm25",5.3,"2019-07-25 10:58:37","2019-07-25 16:43:37","µg/m3",82.5346,27.9914
"Dang","pm25",4.9,"2019-07-25 11:10:36","2019-07-25 16:55:36","µg/m3",82.5346,27.9914
"Dang","pm25",4.7,"2019-07-25 11:20:41","2019-07-25 17:05:41","µg/m3",82.5346,27.9914
"Dang","pm25",5.4,"2019-07-25 11:28:50","2019-07-25 17:13:50","µg/m3",82.5346,27.9914
"Dang","pm25",5.7,"2019-07-25 11:58:46","2019-07-25 17:43:46","µg/m3",82.5346,27.9914
"Dang","pm25",6.2,"2019-07-25 12:11:00","2019-07-25 17:56:00","µg/m3",82.5346,27.9914
"Dang","pm25",5.3,"2019-07-25 12:19:38","2019-07-25 18:04:38","µg/m3",82.5346,27.9914
"Dang","pm25",7.9,"2019-07-25 12:30:32","2019-07-25 18:15:32","µg/m3",82.5346,27.9914
"Dang","pm25",6.2,"2019-07-25 12:40:33","2019-07-25 18:25:33","µg/m3",82.5346,27.9914
"Dang","pm25",5.2,"2019-07-25 12:49:48","2019-07-25 18:34:48","µg/m3",82.5346,27.9914
"Dang","pm25",4.6,"2019-07-25 13:00:26","2019-07-25 18:45:26","µg/m3",82.5346,27.9914
"Dang","pm25",5.7,"2019-07-25 13:10:31","2019-07-25 18:55:31","µg/m3",82.5346,27.9914
"Dang","pm25",4.5,"2019-07-25 13:19:35","2019-07-25 19:04:35","µg/m3",82.5346,27.9914
"Dang","pm25",3.5,"2019-07-25 13:30:30","2019-07-25 19:15:30","µg/m3",82.5346,27.9914
"Dang","pm25",2.9,"2019-07-25 13:38:24","2019-07-25 19:23:24","µg/m3",82.5346,27.9914
"Dang","pm25",4.8,"2019-07-25 13:49:27","2019-07-25 19:34:27","µg/m3",82.5346,27.9914
"Dang","pm25",3.7,"2019-07-25 14:00:21","2019-07-25 19:45:21","µg/m3",82.5346,27.9914
"Dang","pm25",5.9,"2019-07-25 14:10:36","2019-07-25 19:55:36","µg/m3",82.5346,27.9914
"Dang","pm25",4.9,"2019-07-25 14:20:20","2019-07-25 20:05:20","µg/m3",82.5346,27.9914
"Dang","pm25",3.8,"2019-07-25 14:28:37","2019-07-25 20:13:37","µg/m3",82.5346,27.9914
"Dang","pm25",5.2,"2019-07-25 14:40:35","2019-07-25 20:25:35","µg/m3",82.5346,27.9914
"Dang","pm25",4.6,"2019-07-25 14:50:32","2019-07-25 20:35:32","µg/m3",82.5346,27.9914
"Dang","pm25",5.4,"2019-07-25 15:00:39","2019-07-25 20:45:39","µg/m3",82.5346,27.9914
"Dang","pm25",6.2,"2019-07-25 15:10:59","2019-07-25 20:55:59","µg/m3",82.5346,27.9914
"Dang","pm25",5.4,"2019-07-25 15:19:27","2019-07-25 21:04:27","µg/m3",82.5346,27.9914
"Dang","pm25",5.5,"2019-07-25 15:30:59","2019-07-25 21:15:59","µg/m3",82.5346,27.9914
"Dang","pm25",5.4,"2019-07-25 15:38:40","2019-07-25 21:23:40","µg/m3",82.5346,27.9914
"Dang","pm25",5.6,"2019-07-25 15:49:22","2019-07-25 21:34:22","µg/m3",82.5346,27.9914
"Dang","pm25",5.8,"2019-07-25 16:00:32","2019-07-25 21:45:32","µg/m3",82.5346,27.9914
"Dang","pm25",5.2,"2019-07-25 16:10:54","2019-07-25 21:55:54","µg/m3",82.5346,27.9914
"Dang","pm25",5.8,"2019-07-25 16:18:50","2019-07-25 22:03:50","µg/m3",82.5346,27.9914
"Dang","pm25",5.3,"2019-07-25 16:30:34","2019-07-25 22:15:34","µg/m3",82.5346,27.9914
"Dang","pm25",5.2,"2019-07-25 16:37:42","2019-07-25 22:22:42","µg/m3",82.5346,27.9914
"Dang","pm25",6.3,"2019-07-25 16:48:53","2019-07-25 22:33:53","µg/m3",82.5346,27.9914
"Dang","pm25",5.6,"2019-07-25 17:00:53","2019-07-25 22:45:53","µg/m3",82.5346,27.9914
"Dang","pm25",5.7,"2019-07-25 17:10:53","2019-07-25 22:55:53","µg/m3",82.5346,27.9914
"Dang","pm25",5.9,"2019-07-25 17:19:31","2019-07-25 23:04:31","µg/m3",82.5346,27.9914
"Dang","pm25",5.6,"2019-07-25 17:30:45","2019-07-25 23:15:45","µg/m3",82.5346,27.9914
"Dang","pm25",6.2,"2019-07-25 17:40:36","2019-07-25 23:25:36","µg/m3",82.5346,27.9914
"Dang","pm25",6.5,"2019-07-25 18:00:41","2019-07-25 23:45:41","µg/m3",82.5346,27.9914
"Dang","pm25",7.1,"2019-07-25 18:10:45","2019-07-25 23:55:45","µg/m3",82.5346,27.9914
"Dang","pm25",6.8,"2019-07-25 18:20:55","2019-07-26 00:05:55","µg/m3",82.5346,27.9914
"Dang","pm25",7.4,"2019-07-25 18:30:41","2019-07-26 00:15:41","µg/m3",82.5346,27.9914
"Dang","pm25",6.7,"2019-07-25 18:40:36","2019-07-26 00:25:36","µg/m3",82.5346,27.9914
"Dang","pm25",6.4,"2019-07-25 18:49:50","2019-07-26 00:34:50","µg/m3",82.5346,27.9914
"Dang","pm25",6.5,"2019-07-25 18:58:53","2019-07-26 00:43:53","µg/m3",82.5346,27.9914
"Dang","pm25",6.8,"2019-07-25 19:10:45","2019-07-26 00:55:45","µg/m3",82.5346,27.9914
"Dang","pm25",7.1,"2019-07-25 19:19:25","2019-07-26 01:04:25","µg/m3",82.5346,27.9914
"Dang","pm25",7.5,"2019-07-25 19:28:39","2019-07-26 01:13:39","µg/m3",82.5346,27.9914
"Dang","pm25",8.1,"2019-07-25 19:38:37","2019-07-26 01:23:37","µg/m3",82.5346,27.9914
"Dang","pm25",8,"2019-07-25 19:50:28","2019-07-26 01:35:28","µg/m3",82.5346,27.9914
"Dang","pm25",8.3,"2019-07-25 20:03:54","2019-07-26 01:48:54","µg/m3",82.5346,27.9914
"Dang","pm25",9.1,"2019-07-25 20:20:41","2019-07-26 02:05:41","µg/m3",82.5346,27.9914
"Dang","pm25",8.8,"2019-07-25 20:29:25","2019-07-26 02:14:25","µg/m3",82.5346,27.9914
"Dang","pm25",9.3,"2019-07-25 20:38:30","2019-07-26 02:23:30","µg/m3",82.5346,27.9914
"Dang","pm25",8.6,"2019-07-25 20:50:53","2019-07-26 02:35:53","µg/m3",82.5346,27.9914
"Dang","pm25",9,"2019-07-25 20:58:50","2019-07-26 02:43:50","µg/m3",82.5346,27.9914
"Dang","pm25",9.3,"2019-07-25 21:08:43","2019-07-26 02:53:43","µg/m3",82.5346,27.9914
"Dang","pm25",9,"2019-07-25 21:20:47","2019-07-26 03:05:47","µg/m3",82.5346,27.9914
"Dang","pm25",8.2,"2019-07-25 21:30:43","2019-07-26 03:15:43","µg/m3",82.5346,27.9914
"Dang","pm25",8,"2019-07-25 21:40:44","2019-07-26 03:25:44","µg/m3",82.5346,27.9914
"Dang","pm25",8.3,"2019-07-25 21:59:56","2019-07-26 03:44:56","µg/m3",82.5346,27.9914
"Dang","pm25",7.8,"2019-07-25 22:08:44","2019-07-26 03:53:44","µg/m3",82.5346,27.9914
"Dang","pm25",8.2,"2019-07-25 22:20:52","2019-07-26 04:05:52","µg/m3",82.5346,27.9914
"Dang","pm25",7.6,"2019-07-25 22:30:43","2019-07-26 04:15:43","µg/m3",82.5346,27.9914
"Dang","pm25",7.8,"2019-07-25 22:38:26","2019-07-26 04:23:26","µg/m3",82.5346,27.9914
"Dang","pm25",7,"2019-07-25 22:50:38","2019-07-26 04:35:38","µg/m3",82.5346,27.9914
"Dang","pm25",7.1,"2019-07-25 23:00:49","2019-07-26 04:45:49","µg/m3",82.5346,27.9914
"Dang","pm25",7.5,"2019-07-25 23:20:34","2019-07-26 05:05:34","µg/m3",82.5346,27.9914
"Dang","pm25",7.4,"2019-07-25 23:30:39","2019-07-26 05:15:39","µg/m3",82.5346,27.9914
"Dang","pm25",8.4,"2019-07-25 23:38:29","2019-07-26 05:23:29","µg/m3",82.5346,27.9914
"Dang","pm25",9.5,"2019-07-25 23:48:54","2019-07-26 05:33:54","µg/m3",82.5346,27.9914
"Dang","pm25",8,"2019-07-26 00:05:29","2019-07-26 05:50:29","µg/m3",82.5346,27.9914
"Dang","pm25",7.5,"2019-07-26 00:19:21","2019-07-26 06:04:21","µg/m3",82.5346,27.9914
"Dang","pm25",9,"2019-07-26 00:30:47","2019-07-26 06:15:47","µg/m3",82.5346,27.9914
"Dang","pm25",9.9,"2019-07-26 00:40:25","2019-07-26 06:25:25","µg/m3",82.5346,27.9914
"Dang","pm25",10.5,"2019-07-26 00:49:26","2019-07-26 06:34:26","µg/m3",82.5346,27.9914
"Dang","pm25",10.7,"2019-07-26 01:00:23","2019-07-26 06:45:23","µg/m3",82.5346,27.9914
"Dang","pm25",9.4,"2019-07-26 01:10:29","2019-07-26 06:55:29","µg/m3",82.5346,27.9914
"Dang","pm25",8.3,"2019-07-26 01:20:29","2019-07-26 07:05:29","µg/m3",82.5346,27.9914
"Dang","pm25",8.9,"2019-07-26 01:30:38","2019-07-26 07:15:38","µg/m3",82.5346,27.9914
"Dang","pm25",7.7,"2019-07-26 01:40:34","2019-07-26 07:25:34","µg/m3",82.5346,27.9914
"Dang","pm25",7.4,"2019-07-26 01:49:40","2019-07-26 07:34:40","µg/m3",82.5346,27.9914
"Dang","pm25",6,"2019-07-26 02:00:44","2019-07-26 07:45:44","µg/m3",82.5346,27.9914
"Dang","pm25",6.5,"2019-07-26 02:10:37","2019-07-26 07:55:37","µg/m3",82.5346,27.9914
"Dang","pm25",5.6,"2019-07-26 02:20:43","2019-07-26 08:05:43","µg/m3",82.5346,27.9914
"Dang","pm25",5.4,"2019-07-26 02:30:24","2019-07-26 08:15:24","µg/m3",82.5346,27.9914
"Dang","pm25",4.2,"2019-07-26 02:38:56","2019-07-26 08:23:56","µg/m3",82.5346,27.9914
"Dang","pm25",3.9,"2019-07-26 02:46:34","2019-07-26 08:31:34","µg/m3",82.5346,27.9914
"Dang","pm25",4.7,"2019-07-26 03:00:28","2019-07-26 08:45:28","µg/m3",82.5346,27.9914
"Dang","pm25",4.6,"2019-07-26 03:08:28","2019-07-26 08:53:28","µg/m3",82.5346,27.9914
"Dang","pm25",5,"2019-07-26 03:19:32","2019-07-26 09:04:32","µg/m3",82.5346,27.9914
"Dang","pm25",4.9,"2019-07-26 03:30:24","2019-07-26 09:15:24","µg/m3",82.5346,27.9914
"Dang","pm25",5.5,"2019-07-26 03:40:57","2019-07-26 09:25:57","µg/m3",82.5346,27.9914
"Dang","pm25",5.1,"2019-07-26 03:50:54","2019-07-26 09:35:54","µg/m3",82.5346,27.9914
"Dang","pm25",4.7,"2019-07-26 04:08:33","2019-07-26 09:53:33","µg/m3",82.5346,27.9914
"Dang","pm25",4.6,"2019-07-26 04:30:50","2019-07-26 10:15:50","µg/m3",82.5346,27.9914
"Dang","pm25",4.7,"2019-07-26 04:38:39","2019-07-26 10:23:39","µg/m3",82.5346,27.9914
"Dang","pm25",4.8,"2019-07-26 04:50:50","2019-07-26 10:35:50","µg/m3",82.5346,27.9914